国名（日本語）,code3,輸出1位_品目,輸出2位_品目,輸出3位_品目,輸出4位_品目,輸出5位_品目,輸出6位_品目,輸出7位_品目,輸出8位_品目,輸出9位_品目,輸出10位_品目,輸入1位_品目,輸入2位_品目,輸入3位_品目,輸入4位_品目,輸入5位_品目,輸入6位_品目,輸入7位_品目,輸入8位_品目,輸入9位_品目,輸入10位_品目,貿易相手1位_国名,貿易相手1位_シェア%,貿易相手2位_国名,貿易相手2位_シェア%,貿易相手3位_国名,貿易相手3位_シェア%,貿易相手4位_国名,貿易相手4位_シェア%,貿易相手5位_国名,貿易相手5位_シェア%,貿易相手6位_国名,貿易相手6位_シェア%,貿易相手7位_国名,貿易相手7位_シェア%,貿易相手8位_国名,貿易相手8位_シェア%,貿易相手9位_国名,貿易相手9位_シェア%,貿易相手10位_国名,貿易相手10位_シェア%,貿易統計_年,貿易統計_出典
アルバニア,ALB,鉱物燃料・エネルギー（原油・石炭等）,履物・ゲートル同製品,衣類・衣類付属品（織物）,鉄鋼,電気機器・録音機・テレビ等,衣類・衣類付属品（編物）,鉱石・スラグ・灰,食用の野菜・根菜,アルミニウム・同製品,鉄鋼製品,自動車・同部品,鉱物燃料・エネルギー（原油・石炭等）,一般機械・原子炉・ボイラー等,電気機器・録音機・テレビ等,鉄鋼,プラスチック・同製品,医薬品,飲料・アルコール・酢,鉄鋼製品,衣類・衣類付属品（織物）,イタリア,39.0%,コソボ,15.8%,ドイツ,7.6%,ギリシャ,6.1%,スペイン,4.1%,セルビア,2.9%,中国,2.6%,Montenegro,2.4%,"North Macedonia, Republic of",2.3%,スロバキア,1.8%,2024,UN Comtrade / IMF DOTS (2024年)
アルジェリア,DZA,鉱物燃料・エネルギー（原油・石炭等）,肥料,鉄鋼,無機化学品・貴金属化合物,塩・硫黄・土石類・セメント,果実・ナッツ,糖類・砂糖菓子,一般機械・原子炉・ボイラー等,ガラス・同製品,紙・板紙・製品,一般機械・原子炉・ボイラー等,穀物,電気機器・録音機・テレビ等,プラスチック・同製品,自動車・同部品,医薬品,鉄鋼,酪農品・鳥卵・蜂蜜,鉄鋼製品,糖類・砂糖菓子,イタリア,26.6%,フランス,11.9%,スペイン,11.0%,中国,7.6%,アメリカ,5.7%,トルコ,5.4%,韓国,3.9%,チュニジア,3.9%,オランダ,3.5%,イギリス,3.2%,2024,UN Comtrade / IMF DOTS (2024年)
アンゴラ,AGO,鉱物燃料・エネルギー（原油・石炭等）,船舶・浮体構造物,真珠・貴金属・宝石・装飾品,一般機械・原子炉・ボイラー等,鉄鋼,航空機・宇宙船・同部品,光学機器・写真用機器・医療用機器,塩・硫黄・土石類・セメント,鉄鋼製品,魚介類・甲殻類,鉱物燃料・エネルギー（原油・石炭等）,一般機械・原子炉・ボイラー等,鉄鋼製品,電気機器・録音機・テレビ等,自動車・同部品,穀物,プラスチック・同製品,光学機器・写真用機器・医療用機器,肉・食用屑,動物性・植物性油脂,中国,51.3%,インド,10.3%,オランダ,6.4%,スペイン,5.3%,フランス,3.1%,アラブ首長国連邦,3.0%,アメリカ,2.8%,カナダ,2.7%,ポルトガル,2.6%,マレーシア,2.2%,2024,UN Comtrade / IMF DOTS (2024年)
アンティグア・バーブーダ,ATG,鉱物燃料・エネルギー（原油・石炭等）,魚介類・甲殻類,電気機器・録音機・テレビ等,飲料・アルコール・酢,一般機械・原子炉・ボイラー等,衣類・衣類付属品（織物）,鉄鋼製品,自動車・同部品,他の紡織用繊維 of products (セット・古衣類),各種調製食料品,一般機械・原子炉・ボイラー等,自動車・同部品,電気機器・録音機・テレビ等,家具・寝具・照明器具・プレハブ建築,飲料・アルコール・酢,肉・食用屑,プラスチック・同製品,木材・木製品・木炭,鉄鋼製品,各種調製食料品,ポーランド,43.2%,イタリア,20.1%,アメリカ,5.1%,イギリス,3.7%,シントマールテン,3.6%,St. Kitts and Nevis,3.1%,中国,2.9%,ギリシャ,2.6%,オランダ,1.9%,St. Lucia,1.5%,2024,UN Comtrade / IMF DOTS (2024年)
アゼルバイジャン,AZE,鉱物燃料・エネルギー（原油・石炭等）,果実・ナッツ,プラスチック・同製品,真珠・貴金属・宝石・装飾品,食用の野菜・根菜,アルミニウム・同製品,綿・綿織物,自動車・同部品,肥料,有機化学品,真珠・貴金属・宝石・装飾品,自動車・同部品,一般機械・原子炉・ボイラー等,電気機器・録音機・テレビ等,鉱物燃料・エネルギー（原油・石炭等）,鉄鋼製品,プラスチック・同製品,鉄鋼,医薬品,木材・木製品・木炭,イタリア,44.0%,トルコ,12.1%,オランダ,6.7%,ロシア,4.8%,クロアチア,3.3%,ルーマニア,3.3%,ジョージア,2.9%,ギリシャ,2.8%,イスラエル,2.4%,ブルガリア,2.3%,2025,UN Comtrade / IMF DOTS (2025年)
アルゼンチン,ARG,特殊取扱品（その他）,穀物,鉱物燃料・エネルギー（原油・石炭等）,食品工業廃棄物・飼料,動物性・植物性油脂,自動車・同部品,採油用種子・果実・藁,肉・食用屑,真珠・貴金属・宝石・装飾品,魚介類・甲殻類,自動車・同部品,一般機械・原子炉・ボイラー等,電気機器・録音機・テレビ等,鉱物燃料・エネルギー（原油・石炭等）,採油用種子・果実・藁,プラスチック・同製品,有機化学品,医薬品,光学機器・写真用機器・医療用機器,肥料,ブラジル,15.1%,中国,11.4%,アメリカ,9.6%,チリ,7.4%,インド,6.4%,ベトナム,3.2%,ペルー,3.0%,オランダ,2.4%,スイス,2.4%,ウルグアイ,2.3%,2025,UN Comtrade / IMF DOTS (2025年)
オーストラリア,AUS,鉱物燃料・エネルギー（原油・石炭等）,鉱石・スラグ・灰,真珠・貴金属・宝石・装飾品,肉・食用屑,穀物,無機化学品・貴金属化合物,一般機械・原子炉・ボイラー等,アルミニウム・同製品,銅・同製品,特殊取扱品（その他）,一般機械・原子炉・ボイラー等,自動車・同部品,鉱物燃料・エネルギー（原油・石炭等）,電気機器・録音機・テレビ等,真珠・貴金属・宝石・装飾品,医薬品,光学機器・写真用機器・医療用機器,プラスチック・同製品,鉄鋼製品,家具・寝具・照明器具・プレハブ建築,中国,34.3%,日本,11.8%,韓国,7.9%,アメリカ,7.8%,イギリス,4.2%,インド,4.0%,台湾,3.0%,シンガポール,2.8%,香港,2.6%,ニュージーランド,2.6%,2025,UN Comtrade / IMF DOTS (2025年)
オーストリア,AUT,一般機械・原子炉・ボイラー等,医薬品,自動車・同部品,電気機器・録音機・テレビ等,プラスチック・同製品,鉄鋼,鉄鋼製品,光学機器・写真用機器・医療用機器,鉱物燃料・エネルギー（原油・石炭等）,木材・木製品・木炭,一般機械・原子炉・ボイラー等,自動車・同部品,電気機器・録音機・テレビ等,鉱物燃料・エネルギー（原油・石炭等）,医薬品,プラスチック・同製品,光学機器・写真用機器・医療用機器,鉄鋼製品,アルミニウム・同製品,鉄鋼,ドイツ,29.2%,アメリカ,6.6%,イタリア,6.5%,スイス,5.3%,スロバキア,4.2%,ポーランド,3.9%,チェコ,3.7%,ハンガリー,3.6%,フランス,3.5%,イギリス,2.7%,2024,UN Comtrade / IMF DOTS (2024年)
バハマ,BHS,鉱物燃料・エネルギー（原油・石炭等）,書籍・新聞・絵画・印刷物,魚介類・甲殻類,船舶・浮体構造物,プラスチック・同製品,真珠・貴金属・宝石・装飾品,塩・硫黄・土石類・セメント,有機化学品,玩具・遊戯具・運動用具・同部品,一般機械・原子炉・ボイラー等,鉱物燃料・エネルギー（原油・石炭等）,電気機器・録音機・テレビ等,一般機械・原子炉・ボイラー等,自動車・同部品,美術品・収集品・骨とう,鉄鋼製品,家具・寝具・照明器具・プレハブ建築,プラスチック・同製品,肉・食用屑,飲料・アルコール・酢,Zimbabwe,60.2%,アメリカ,31.5%,Libya,2.8%,イギリス,1.3%,Seychelles,1.0%,アイルランド,0.7%,アルジェリア,0.7%,ジョージア,0.4%,フランス,0.3%,インド,0.2%,2024,UN Comtrade / IMF DOTS (2024年)
バーレーン,BHR,アルミニウム・同製品,鉱石・スラグ・灰,一般機械・原子炉・ボイラー等,酪農品・鳥卵・蜂蜜,鉄鋼,自動車・同部品,鉄鋼製品,真珠・貴金属・宝石・装飾品,肥料,プラスチック・同製品,一般機械・原子炉・ボイラー等,鉱石・スラグ・灰,無機化学品・貴金属化合物,自動車・同部品,電気機器・録音機・テレビ等,真珠・貴金属・宝石・装飾品,医薬品,鉱物燃料・エネルギー（原油・石炭等）,プラスチック・同製品,酪農品・鳥卵・蜂蜜,サウジアラビア,23.3%,アラブ首長国連邦,9.7%,アメリカ,9.4%,オランダ,4.7%,カタール,4.0%,インド,4.0%,スペイン,3.5%,イタリア,3.4%,アルジェリア,3.0%,ギリシャ,2.8%,2024,UN Comtrade / IMF DOTS (2024年)
アルメニア,ARM,真珠・貴金属・宝石・装飾品,電気機器・録音機・テレビ等,鉱石・スラグ・灰,たばこ・製造たばこ代用品,飲料・アルコール・酢,一般機械・原子炉・ボイラー等,衣類・衣類付属品（織物）,鉄鋼,光学機器・写真用機器・医療用機器,衣類・衣類付属品（編物）,真珠・貴金属・宝石・装飾品,電気機器・録音機・テレビ等,鉱物燃料・エネルギー（原油・石炭等）,一般機械・原子炉・ボイラー等,自動車・同部品,光学機器・写真用機器・医療用機器,プラスチック・同製品,医薬品,鉄鋼,衣類・衣類付属品（織物）,ロシア,35.4%,アラブ首長国連邦,24.6%,中国,9.1%,香港,6.4%,イラク,4.0%,ベラルーシ,1.9%,スイス,1.9%,オランダ,1.7%,ベルギー,1.6%,ジョージア,1.6%,2024,UN Comtrade / IMF DOTS (2024年)
バルバドス,BRB,鉱物燃料・エネルギー（原油・石炭等）,飲料・アルコール・酢,医薬品,穀物・粉製品・製菓,紙・板紙・製品,真珠・貴金属・宝石・装飾品,動物性・植物性油脂,鉄鋼,各種化学工業生産品,自動車・同部品,鉱物燃料・エネルギー（原油・石炭等）,一般機械・原子炉・ボイラー等,自動車・同部品,電気機器・録音機・テレビ等,プラスチック・同製品,家具・寝具・照明器具・プレハブ建築,飲料・アルコール・酢,鉄鋼製品,医薬品,各種調製食料品,アメリカ,19.6%,イギリス,19.0%,Jamaica,8.5%,Trinidad and Tobago,7.6%,St. Lucia,6.7%,Guyana,4.6%,フランス,4.3%,St. Vincent and the Grenadines,4.2%,Grenada,4.1%,Antigua and Barbuda,3.5%,2025,UN Comtrade / IMF DOTS (2025年)
ベルギー,BEL,医薬品,鉱物燃料・エネルギー（原油・石炭等）,自動車・同部品,一般機械・原子炉・ボイラー等,プラスチック・同製品,鉄鋼,電気機器・録音機・テレビ等,有機化学品,真珠・貴金属・宝石・装飾品,光学機器・写真用機器・医療用機器,鉱物燃料・エネルギー（原油・石炭等）,自動車・同部品,医薬品,一般機械・原子炉・ボイラー等,電気機器・録音機・テレビ等,有機化学品,プラスチック・同製品,光学機器・写真用機器・医療用機器,真珠・貴金属・宝石・装飾品,鉄鋼,ドイツ,19.2%,フランス,13.1%,オランダ,13.1%,アメリカ,6.4%,イギリス,5.5%,イタリア,5.2%,スペイン,3.8%,ポーランド,3.1%,スウェーデン,1.9%,中国,1.6%,2024,UN Comtrade / IMF DOTS (2024年)
バミューダ,BMU,航空機・宇宙船・同部品,特殊取扱品（その他）,一般機械・原子炉・ボイラー等,光学機器・写真用機器・医療用機器,電気機器・録音機・テレビ等,真珠・貴金属・宝石・装飾品,飲料・アルコール・酢,時計・同部品,各種の卑金属製品,鉄鋼製品,鉱物燃料・エネルギー（原油・石炭等）,特殊取扱品（その他）,書籍・新聞・絵画・印刷物,一般機械・原子炉・ボイラー等,電気機器・録音機・テレビ等,家具・寝具・照明器具・プレハブ建築,自動車・同部品,飲料・アルコール・酢,医薬品,プラスチック・同製品,,,,,,,,,,,,,,,,,,,,,2024,UN Comtrade / IMF DOTS (2024年)
ボリビア,BOL,鉱石・スラグ・灰,鉱物燃料・エネルギー（原油・石炭等）,真珠・貴金属・宝石・装飾品,食品工業廃棄物・飼料,すず・同製品,動物性・植物性油脂,肉・食用屑,果実・ナッツ,採油用種子・果実・藁,肥料,鉱物燃料・エネルギー（原油・石炭等）,一般機械・原子炉・ボイラー等,自動車・同部品,電気機器・録音機・テレビ等,プラスチック・同製品,各種化学工業生産品,鉄鋼,医薬品,鉄鋼製品,各種調製食料品,中国,19.1%,ブラジル,12.8%,インド,8.5%,日本,7.6%,ペルー,6.0%,コロンビア,5.9%,アメリカ,4.3%,韓国,4.2%,ベルギー,4.1%,アラブ首長国連邦,3.6%,2024,UN Comtrade / IMF DOTS (2024年)
ボスニア・ヘルツェゴビナ,BIH,電気機器・録音機・テレビ等,一般機械・原子炉・ボイラー等,家具・寝具・照明器具・プレハブ建築,鉄鋼製品,鉱物燃料・エネルギー（原油・石炭等）,木材・木製品・木炭,アルミニウム・同製品,プラスチック・同製品,無機化学品・貴金属化合物,自動車・同部品,鉱物燃料・エネルギー（原油・石炭等）,一般機械・原子炉・ボイラー等,自動車・同部品,電気機器・録音機・テレビ等,プラスチック・同製品,鉄鋼,医薬品,アルミニウム・同製品,鉄鋼製品,銅・同製品,クロアチア,18.1%,ドイツ,14.4%,セルビア,11.2%,オーストリア,9.1%,スロベニア,8.3%,イタリア,7.5%,Montenegro,4.1%,トルコ,2.4%,オランダ,2.3%,チェコ,2.1%,2025,UN Comtrade / IMF DOTS (2025年)
ブラジル,BRA,鉱物燃料・エネルギー（原油・石炭等）,採油用種子・果実・藁,鉱石・スラグ・灰,肉・食用屑,糖類・砂糖菓子,コーヒー・茶・スパイス,自動車・同部品,一般機械・原子炉・ボイラー等,鉄鋼,木材パルプ・回収紙,一般機械・原子炉・ボイラー等,鉱物燃料・エネルギー（原油・石炭等）,電気機器・録音機・テレビ等,自動車・同部品,肥料,有機化学品,医薬品,プラスチック・同製品,光学機器・写真用機器・医療用機器,各種化学工業生産品,中国,28.9%,アメリカ,11.0%,アルゼンチン,5.2%,オランダ,3.4%,スペイン,2.5%,メキシコ,2.2%,シンガポール,2.1%,カナダ,2.1%,チリ,2.1%,インド,2.0%,2025,UN Comtrade / IMF DOTS (2025年)
ベリーズ,BLZ,糖類・砂糖菓子,果実・ナッツ,鉱物燃料・エネルギー（原油・石炭等）,魚介類・甲殻類,野菜・果実等の調製品,たばこ・製造たばこ代用品,動物（生体）,食品工業廃棄物・飼料,動物性・植物性油脂,食用の野菜・根菜,鉱物燃料・エネルギー（原油・石炭等）,一般機械・原子炉・ボイラー等,自動車・同部品,電気機器・録音機・テレビ等,たばこ・製造たばこ代用品,プラスチック・同製品,鉄鋼製品,鉄鋼,履物・ゲートル同製品,各種化学工業生産品,イギリス,40.6%,アメリカ,14.7%,Trinidad and Tobago,9.8%,Honduras,6.6%,Jamaica,5.5%,アイルランド,4.0%,Guatemala,3.2%,Barbados,2.7%,メキシコ,2.4%,台湾,1.6%,2025,UN Comtrade / IMF DOTS (2025年)
ブルネイ,BRN,鉱物燃料・エネルギー（原油・石炭等）,有機化学品,肥料,一般機械・原子炉・ボイラー等,船舶・浮体構造物,鉄鋼製品,航空機・宇宙船・同部品,電気機器・録音機・テレビ等,光学機器・写真用機器・医療用機器,鉄鋼,鉱物燃料・エネルギー（原油・石炭等）,一般機械・原子炉・ボイラー等,特殊取扱品（その他）,電気機器・録音機・テレビ等,鉄鋼製品,医薬品,光学機器・写真用機器・医療用機器,自動車・同部品,人造繊維の長繊維,食品工業廃棄物・飼料,オーストラリア,22.3%,中国,19.3%,シンガポール,13.3%,日本,11.9%,マレーシア,6.2%,タイ,5.7%,韓国,3.7%,フィリピン,3.4%,ニュージーランド,3.0%,ベトナム,2.6%,2024,UN Comtrade / IMF DOTS (2024年)
ブルガリア,BGR,電気機器・録音機・テレビ等,銅・同製品,鉱物燃料・エネルギー（原油・石炭等）,一般機械・原子炉・ボイラー等,特殊取扱品（その他）,穀物,自動車・同部品,プラスチック・同製品,鉱石・スラグ・灰,医薬品,鉱物燃料・エネルギー（原油・石炭等）,電気機器・録音機・テレビ等,一般機械・原子炉・ボイラー等,自動車・同部品,鉱石・スラグ・灰,医薬品,プラスチック・同製品,鉄鋼,銅・同製品,鉄鋼製品,ドイツ,15.4%,ルーマニア,11.3%,トルコ,7.7%,イタリア,7.0%,ギリシャ,6.5%,フランス,3.4%,ポーランド,2.8%,スペイン,2.3%,アメリカ,2.3%,セルビア,2.2%,2024,UN Comtrade / IMF DOTS (2024年)
ミャンマー,MMR,鉱物燃料・エネルギー（原油・石炭等）,衣類・衣類付属品（織物）,穀物,食用の野菜・根菜,衣類・衣類付属品（編物）,魚介類・甲殻類,ゴム・同製品,履物・ゲートル同製品,電気機器・録音機・テレビ等,果実・ナッツ,鉱物燃料・エネルギー（原油・石炭等）,人造繊維の短繊維,動物性・植物性油脂,人造繊維の長繊維,肥料,一般機械・原子炉・ボイラー等,電気機器・録音機・テレビ等,鉄鋼,プラスチック・同製品,自動車・同部品,中国,23.5%,タイ,19.1%,日本,8.6%,インド,6.2%,ドイツ,4.5%,アメリカ,3.6%,バングラデシュ,3.4%,インドネシア,3.0%,韓国,2.9%,ポーランド,2.8%,2024,UN Comtrade / IMF DOTS (2024年)
カンボジア,KHM,衣類・衣類付属品（編物）,衣類・衣類付属品（織物）,革製品・旅行用具・ハンドバッグ,穀物,電気機器・録音機・テレビ等,履物・ゲートル同製品,ゴム・同製品,家具・寝具・照明器具・プレハブ建築,果実・ナッツ,食用の野菜・根菜,鉱物燃料・エネルギー（原油・石炭等）,メリヤス編物・クロセ編物,電気機器・録音機・テレビ等,一般機械・原子炉・ボイラー等,自動車・同部品,人造繊維の短繊維,プラスチック・同製品,アルミニウム・同製品,鉄鋼製品,綿・綿織物,アメリカ,47.7%,ベトナム,9.1%,日本,5.5%,カナダ,4.8%,中国,4.8%,スペイン,4.3%,イギリス,4.1%,オランダ,3.7%,ドイツ,3.6%,タイ,2.4%,2024,UN Comtrade / IMF DOTS (2024年)
カナダ,CAN,鉱物燃料・エネルギー（原油・石炭等）,自動車・同部品,一般機械・原子炉・ボイラー等,真珠・貴金属・宝石・装飾品,特殊取扱品（その他）,電気機器・録音機・テレビ等,プラスチック・同製品,航空機・宇宙船・同部品,木材・木製品・木炭,アルミニウム・同製品,自動車・同部品,一般機械・原子炉・ボイラー等,電気機器・録音機・テレビ等,鉱物燃料・エネルギー（原油・石炭等）,真珠・貴金属・宝石・装飾品,プラスチック・同製品,医薬品,光学機器・写真用機器・医療用機器,特殊取扱品（その他）,鉄鋼製品,アメリカ,72.6%,イギリス,6.0%,中国,4.4%,日本,1.9%,オランダ,1.3%,ドイツ,1.2%,メキシコ,1.1%,韓国,0.9%,フランス,0.6%,イタリア,0.5%,2025,UN Comtrade / IMF DOTS (2025年)
カーボベルデ,CPV,肉・魚介類の調製品,衣類・衣類付属品（編物）,履物・ゲートル同製品,衣類・衣類付属品（織物）,玩具・遊戯具・運動用具・同部品,食品工業廃棄物・飼料,魚介類・甲殻類,野菜・果実等の調製品,帽子・同部品,メリヤス編物・クロセ編物,鉱物燃料・エネルギー（原油・石炭等）,自動車・同部品,一般機械・原子炉・ボイラー等,電気機器・録音機・テレビ等,酪農品・鳥卵・蜂蜜,肉・食用屑,穀物,プラスチック・同製品,塩・硫黄・土石類・セメント,飲料・アルコール・酢,スペイン,35.1%,トーゴ,9.6%,オランダ,9.1%,フランス,6.1%,イタリア,5.5%,アラブ首長国連邦,5.5%,インド,4.6%,ベルギー,3.7%,クウェート,3.2%,ガーナ,2.8%,2024,UN Comtrade / IMF DOTS (2024年)
ケイマン諸島,CYM,鉱物燃料・エネルギー（原油・石炭等）,電気機器・録音機・テレビ等,特殊取扱品（その他）,一般機械・原子炉・ボイラー等,コーヒー・茶・スパイス,鉄鋼,光学機器・写真用機器・医療用機器,真珠・貴金属・宝石・装飾品,銅・同製品,アルミニウム・同製品,鉱物燃料・エネルギー（原油・石炭等）,自動車・同部品,電気機器・録音機・テレビ等,一般機械・原子炉・ボイラー等,プラスチック・同製品,衣類・衣類付属品（織物）,真珠・貴金属・宝石・装飾品,飲料・アルコール・酢,特殊取扱品（その他）,家具・寝具・照明器具・プレハブ建築,,,,,,,,,,,,,,,,,,,,,2024,UN Comtrade / IMF DOTS (2024年)
中央アフリカ,CAF,航空機・宇宙船・同部品,真珠・貴金属・宝石・装飾品,各種の卑金属製品,自動車・同部品,木材・木製品・木炭,電気機器・録音機・テレビ等,一般機械・原子炉・ボイラー等,綿・綿織物,野菜・果実等の調製品,医薬品,鉱物燃料・エネルギー（原油・石炭等）,自動車・同部品,電気機器・録音機・テレビ等,医薬品,酪農品・鳥卵・蜂蜜,一般機械・原子炉・ボイラー等,肉・食用屑,各種調製食料品,光学機器・写真用機器・医療用機器,プラスチック・同製品,パキスタン,35.2%,チュニジア,22.8%,ポルトガル,8.7%,Sri Lanka,8.6%,アラブ首長国連邦,5.3%,モーリタニア,4.6%,Gabon,2.4%,アメリカ,2.0%,スイス,1.8%,メキシコ,1.6%,2024,UN Comtrade / IMF DOTS (2024年)
スリランカ,LKA,衣類・衣類付属品（編物）,コーヒー・茶・スパイス,衣類・衣類付属品（織物）,ゴム・同製品,鉱物燃料・エネルギー（原油・石炭等）,真珠・貴金属・宝石・装飾品,電気機器・録音機・テレビ等,魚介類・甲殻類,野菜・果実等の調製品,一般機械・原子炉・ボイラー等,鉱物燃料・エネルギー（原油・石炭等）,一般機械・原子炉・ボイラー等,電気機器・録音機・テレビ等,メリヤス編物・クロセ編物,プラスチック・同製品,綿・綿織物,鉄鋼,穀物,医薬品,食用の野菜・根菜,,,,,,,,,,,,,,,,,,,,,2024,UN Comtrade / IMF DOTS (2024年)
チリ,CHL,鉱石・スラグ・灰,銅・同製品,果実・ナッツ,魚介類・甲殻類,無機化学品・貴金属化合物,木材パルプ・回収紙,真珠・貴金属・宝石・装飾品,木材・木製品・木炭,飲料・アルコール・酢,肉・食用屑,鉱物燃料・エネルギー（原油・石炭等）,一般機械・原子炉・ボイラー等,電気機器・録音機・テレビ等,自動車・同部品,プラスチック・同製品,医薬品,肉・食用屑,光学機器・写真用機器・医療用機器,鉄鋼製品,衣類・衣類付属品（編物）,中国,37.0%,アメリカ,16.1%,日本,8.1%,韓国,4.7%,ブラジル,4.5%,インド,3.9%,スペイン,1.9%,オランダ,1.9%,メキシコ,1.7%,ドイツ,1.6%,2025,UN Comtrade / IMF DOTS (2025年)
中国,CHN,電気機器・録音機・テレビ等,一般機械・原子炉・ボイラー等,自動車・同部品,プラスチック・同製品,家具・寝具・照明器具・プレハブ建築,鉄鋼製品,特殊取扱品（その他）,衣類・衣類付属品（編物）,有機化学品,玩具・遊戯具・運動用具・同部品,電気機器・録音機・テレビ等,鉱物燃料・エネルギー（原油・石炭等）,鉱石・スラグ・灰,一般機械・原子炉・ボイラー等,真珠・貴金属・宝石・装飾品,光学機器・写真用機器・医療用機器,銅・同製品,自動車・同部品,採油用種子・果実・藁,プラスチック・同製品,アメリカ,11.2%,香港,9.0%,ベトナム,5.3%,日本,4.2%,韓国,3.9%,インド,3.6%,ドイツ,3.2%,マレーシア,2.8%,タイ,2.8%,ロシア,2.8%,2024,UN Comtrade / IMF DOTS (2024年)
コロンビア,COL,鉱物燃料・エネルギー（原油・石炭等）,真珠・貴金属・宝石・装飾品,コーヒー・茶・スパイス,生花・盆栽・苗木,果実・ナッツ,プラスチック・同製品,電気機器・録音機・テレビ等,アルミニウム・同製品,動物性・植物性油脂,糖類・砂糖菓子,一般機械・原子炉・ボイラー等,電気機器・録音機・テレビ等,鉱物燃料・エネルギー（原油・石炭等）,自動車・同部品,医薬品,プラスチック・同製品,穀物,有機化学品,鉄鋼,光学機器・写真用機器・医療用機器,アメリカ,31.8%,Panama,9.5%,中国,5.1%,Ecuador,4.3%,オランダ,4.1%,ブラジル,3.9%,インド,3.7%,ペルー,3.1%,"Venezuela, República Bolivariana de",2.6%,メキシコ,2.4%,2024,UN Comtrade / IMF DOTS (2024年)
コスタリカ,CRC,光学機器・写真用機器・医療用機器,果実・ナッツ,各種調製食料品,電気機器・録音機・テレビ等,プラスチック・同製品,野菜・果実等の調製品,医薬品,コーヒー・茶・スパイス,ゴム・同製品,動物性・植物性油脂,鉱物燃料・エネルギー（原油・石炭等）,電気機器・録音機・テレビ等,自動車・同部品,一般機械・原子炉・ボイラー等,プラスチック・同製品,光学機器・写真用機器・医療用機器,医薬品,鉄鋼,紙・板紙・製品,鉄鋼製品,アメリカ,47.8%,オランダ,9.8%,ベルギー,4.8%,Guatemala,4.6%,Nicaragua,3.6%,Honduras,3.0%,Panama,2.7%,El Salvador,2.4%,中国,2.0%,日本,1.8%,2024,UN Comtrade / IMF DOTS (2024年)
クロアチア,HRV,鉱物燃料・エネルギー（原油・石炭等）,電気機器・録音機・テレビ等,一般機械・原子炉・ボイラー等,医薬品,木材・木製品・木炭,自動車・同部品,衣類・衣類付属品（編物）,アルミニウム・同製品,プラスチック・同製品,鉄鋼製品,鉱物燃料・エネルギー（原油・石炭等）,一般機械・原子炉・ボイラー等,自動車・同部品,電気機器・録音機・テレビ等,医薬品,プラスチック・同製品,衣類・衣類付属品（編物）,鉄鋼製品,アルミニウム・同製品,光学機器・写真用機器・医療用機器,ドイツ,12.6%,スロベニア,11.8%,イタリア,11.6%,Bosnia and Herzegovina,10.8%,セルビア,5.6%,オーストリア,5.0%,ハンガリー,4.6%,アメリカ,2.8%,スロバキア,2.6%,フランス,2.5%,2025,UN Comtrade / IMF DOTS (2025年)
キプロス,CYP,鉱物燃料・エネルギー（原油・石炭等）,船舶・浮体構造物,医薬品,酪農品・鳥卵・蜂蜜,精油・香料・化粧品,電気機器・録音機・テレビ等,一般機械・原子炉・ボイラー等,食用の野菜・根菜,魚介類・甲殻類,たばこ・製造たばこ代用品,鉱物燃料・エネルギー（原油・石炭等）,自動車・同部品,船舶・浮体構造物,一般機械・原子炉・ボイラー等,電気機器・録音機・テレビ等,医薬品,プラスチック・同製品,飲料・アルコール・酢,鉄鋼,精油・香料・化粧品,Libya,26.9%,Lebanon,7.1%,ギリシャ,6.8%,イスラエル,5.3%,イギリス,5.2%,スウェーデン,4.0%,フランス,3.7%,"Egypt, Arab Republic of",3.6%,"Marshall Islands, Republic of the",2.2%,ドイツ,2.1%,2025,UN Comtrade / IMF DOTS (2025年)
チェコ,CZE,自動車・同部品,電気機器・録音機・テレビ等,一般機械・原子炉・ボイラー等,プラスチック・同製品,鉄鋼製品,光学機器・写真用機器・医療用機器,家具・寝具・照明器具・プレハブ建築,ゴム・同製品,玩具・遊戯具・運動用具・同部品,鉱物燃料・エネルギー（原油・石炭等）,電気機器・録音機・テレビ等,一般機械・原子炉・ボイラー等,自動車・同部品,鉱物燃料・エネルギー（原油・石炭等）,プラスチック・同製品,医薬品,鉄鋼,光学機器・写真用機器・医療用機器,鉄鋼製品,家具・寝具・照明器具・プレハブ建築,ドイツ,31.7%,スロバキア,7.6%,ポーランド,7.3%,フランス,4.9%,イギリス,4.2%,オーストリア,4.0%,イタリア,3.9%,オランダ,3.1%,ハンガリー,3.1%,アメリカ,2.8%,2025,UN Comtrade / IMF DOTS (2025年)
ベナン,BEN,綿・綿織物,採油用種子・果実・藁,食品工業廃棄物・飼料,果実・ナッツ,動物性・植物性油脂,鉄鋼,鉱物燃料・エネルギー（原油・石炭等）,野菜・果実等の調製品,航空機・宇宙船・同部品,木材・木製品・木炭,穀物,鉱物燃料・エネルギー（原油・石炭等）,一般機械・原子炉・ボイラー等,電気機器・録音機・テレビ等,医薬品,自動車・同部品,鉄鋼,肥料,プラスチック・同製品,魚介類・甲殻類,バングラデシュ,43.7%,インド,7.9%,デンマーク,6.3%,アメリカ,5.5%,パキスタン,5.5%,ベルギー,4.6%,Chad,3.2%,アラブ首長国連邦,2.7%,トーゴ,2.3%,ナイジェリア,2.2%,2024,UN Comtrade / IMF DOTS (2024年)
デンマーク,DNK,医薬品,一般機械・原子炉・ボイラー等,電気機器・録音機・テレビ等,鉱物燃料・エネルギー（原油・石炭等）,光学機器・写真用機器・医療用機器,自動車・同部品,鉄鋼製品,肉・食用屑,有機化学品,酪農品・鳥卵・蜂蜜,一般機械・原子炉・ボイラー等,自動車・同部品,電気機器・録音機・テレビ等,鉱物燃料・エネルギー（原油・石炭等）,医薬品,プラスチック・同製品,光学機器・写真用機器・医療用機器,鉄鋼製品,船舶・浮体構造物,衣類・衣類付属品（織物）,ドイツ,14.7%,スウェーデン,9.1%,アメリカ,7.4%,オランダ,6.4%,ノルウェー,5.8%,中国,5.7%,ポーランド,5.0%,イギリス,4.5%,フランス,3.7%,イタリア,2.6%,2025,UN Comtrade / IMF DOTS (2025年)
ドミニカ共和国,DOM,真珠・貴金属・宝石・装飾品,光学機器・写真用機器・医療用機器,たばこ・製造たばこ代用品,電気機器・録音機・テレビ等,プラスチック・同製品,衣類・衣類付属品（編物）,医薬品,ココア・ココア調製品,果実・ナッツ,鉄鋼,鉱物燃料・エネルギー（原油・石炭等）,一般機械・原子炉・ボイラー等,自動車・同部品,プラスチック・同製品,電気機器・録音機・テレビ等,医薬品,鉄鋼,真珠・貴金属・宝石・装飾品,鉄鋼製品,穀物,アメリカ,57.3%,Haiti,7.4%,スイス,6.1%,インド,5.4%,オランダ,3.1%,中国,3.0%,カナダ,1.5%,ドイツ,1.1%,Jamaica,0.9%,ベルギー,0.9%,2024,UN Comtrade / IMF DOTS (2024年)
エクアドル,ECU,鉱物燃料・エネルギー（原油・石炭等）,魚介類・甲殻類,果実・ナッツ,ココア・ココア調製品,鉱石・スラグ・灰,肉・魚介類の調製品,真珠・貴金属・宝石・装飾品,生花・盆栽・苗木,木材・木製品・木炭,食用の野菜・根菜,鉱物燃料・エネルギー（原油・石炭等）,一般機械・原子炉・ボイラー等,電気機器・録音機・テレビ等,自動車・同部品,食品工業廃棄物・飼料,プラスチック・同製品,医薬品,鉄鋼,各種化学工業生産品,穀物,Panama,18.2%,中国,16.2%,アメリカ,15.1%,オランダ,4.1%,ペルー,4.1%,スペイン,3.4%,コロンビア,2.9%,イタリア,2.6%,トルコ,2.5%,ロシア,2.4%,2024,UN Comtrade / IMF DOTS (2024年)
エルサルバドル,SLV,衣類・衣類付属品（編物）,プラスチック・同製品,電気機器・録音機・テレビ等,紙・板紙・製品,鉱物燃料・エネルギー（原油・石炭等）,糖類・砂糖菓子,穀物・粉製品・製菓,鉄鋼,飲料・アルコール・酢,医薬品,鉱物燃料・エネルギー（原油・石炭等）,一般機械・原子炉・ボイラー等,電気機器・録音機・テレビ等,自動車・同部品,プラスチック・同製品,医薬品,鉄鋼,各種調製食料品,穀物,肉・食用屑,アメリカ,33.1%,Guatemala,19.8%,Honduras,16.9%,Nicaragua,9.2%,Costa Rica,4.5%,メキシコ,3.9%,Panama,1.9%,Dominican Republic,1.7%,スペイン,1.1%,ベルギー,0.9%,2025,UN Comtrade / IMF DOTS (2025年)
エストニア,EST,電気機器・録音機・テレビ等,木材・木製品・木炭,自動車・同部品,一般機械・原子炉・ボイラー等,鉱物燃料・エネルギー（原油・石炭等）,家具・寝具・照明器具・プレハブ建築,鉄鋼製品,光学機器・写真用機器・医療用機器,プラスチック・同製品,酪農品・鳥卵・蜂蜜,電気機器・録音機・テレビ等,自動車・同部品,鉱物燃料・エネルギー（原油・石炭等）,一般機械・原子炉・ボイラー等,プラスチック・同製品,医薬品,木材・木製品・木炭,鉄鋼,鉄鋼製品,光学機器・写真用機器・医療用機器,フィンランド,15.2%,"Latvia, Republic of",11.4%,スウェーデン,8.8%,"Lithuania, Republic of",8.8%,ドイツ,7.6%,ポーランド,4.4%,オランダ,3.8%,ノルウェー,3.3%,アメリカ,3.1%,デンマーク,2.7%,2025,UN Comtrade / IMF DOTS (2025年)
フィジー,FJI,鉱物燃料・エネルギー（原油・石炭等）,特殊取扱品（その他）,真珠・貴金属・宝石・装飾品,魚介類・甲殻類,飲料・アルコール・酢,糖類・砂糖菓子,木材・木製品・木炭,採油用種子・果実・藁,穀物・粉製品・製菓,航空機・宇宙船・同部品,鉱物燃料・エネルギー（原油・石炭等）,一般機械・原子炉・ボイラー等,電気機器・録音機・テレビ等,自動車・同部品,プラスチック・同製品,特殊取扱品（その他）,穀物,航空機・宇宙船・同部品,酪農品・鳥卵・蜂蜜,鉄鋼製品,アメリカ,17.9%,オーストラリア,15.5%,ニュージーランド,7.8%,Tonga,7.4%,中国,6.5%,シンガポール,5.8%,イギリス,5.0%,韓国,3.8%,American Samoa,3.6%,Samoa,3.6%,2025,UN Comtrade / IMF DOTS (2025年)
フィンランド,FIN,一般機械・原子炉・ボイラー等,電気機器・録音機・テレビ等,紙・板紙・製品,鉱物燃料・エネルギー（原油・石炭等）,鉄鋼,自動車・同部品,光学機器・写真用機器・医療用機器,木材・木製品・木炭,木材パルプ・回収紙,プラスチック・同製品,一般機械・原子炉・ボイラー等,鉱物燃料・エネルギー（原油・石炭等）,電気機器・録音機・テレビ等,自動車・同部品,鉱石・スラグ・灰,プラスチック・同製品,医薬品,鉄鋼,光学機器・写真用機器・医療用機器,鉄鋼製品,スウェーデン,11.7%,アメリカ,10.6%,ドイツ,10.1%,オランダ,7.8%,中国,4.6%,ポーランド,3.8%,イギリス,3.7%,ベルギー,3.6%,ノルウェー,3.4%,"Estonia, Republic of",3.3%,2025,UN Comtrade / IMF DOTS (2025年)
フランス,FRA,一般機械・原子炉・ボイラー等,自動車・同部品,電気機器・録音機・テレビ等,航空機・宇宙船・同部品,医薬品,鉱物燃料・エネルギー（原油・石炭等）,精油・香料・化粧品,プラスチック・同製品,飲料・アルコール・酢,真珠・貴金属・宝石・装飾品,鉱物燃料・エネルギー（原油・石炭等）,一般機械・原子炉・ボイラー等,自動車・同部品,電気機器・録音機・テレビ等,医薬品,プラスチック・同製品,光学機器・写真用機器・医療用機器,真珠・貴金属・宝石・装飾品,有機化学品,航空機・宇宙船・同部品,ドイツ,13.6%,イタリア,8.1%,アメリカ,7.9%,ベルギー,7.6%,スペイン,7.6%,イギリス,6.5%,オランダ,4.0%,中国,4.0%,スイス,3.7%,ポーランド,2.7%,2024,UN Comtrade / IMF DOTS (2024年)
ジョージア,GEO,自動車・同部品,飲料・アルコール・酢,鉄鋼,鉱石・スラグ・灰,果実・ナッツ,一般機械・原子炉・ボイラー等,鉱物燃料・エネルギー（原油・石炭等）,医薬品,衣類・衣類付属品（編物）,肥料,自動車・同部品,鉱物燃料・エネルギー（原油・石炭等）,一般機械・原子炉・ボイラー等,電気機器・録音機・テレビ等,医薬品,プラスチック・同製品,鉄鋼,鉄鋼製品,精油・香料・化粧品,家具・寝具・照明器具・プレハブ建築,Kyrgyz Republic,20.6%,"Kazakhstan, Republic of",12.5%,ロシア,10.3%,"Azerbaijan, Republic of",9.6%,"Armenia, Republic of",7.6%,トルコ,4.6%,中国,4.5%,ブルガリア,3.3%,"Uzbekistan, Republic of",3.0%,"Tajikistan, Republic of",2.5%,2024,UN Comtrade / IMF DOTS (2024年)
ガンビア,GMB,採油用種子・果実・藁,鉱物燃料・エネルギー（原油・石炭等）,糖類・砂糖菓子,果実・ナッツ,一般機械・原子炉・ボイラー等,魚介類・甲殻類,自動車・同部品,塩・硫黄・土石類・セメント,食品工業廃棄物・飼料,精油・香料・化粧品,鉱物燃料・エネルギー（原油・石炭等）,自動車・同部品,穀物,塩・硫黄・土石類・セメント,一般機械・原子炉・ボイラー等,電気機器・録音機・テレビ等,肥料,動物性・植物性油脂,鉄鋼,糖類・砂糖菓子,"Kazakhstan, Republic of",97.8%,Mali,0.7%,Guinea-Bissau,0.4%,中国,0.4%,インド,0.1%,"Micronesia, Federated States of",0.1%,ベルギー,0.1%,イギリス,0.1%,Senegal,0.0%,スペイン,0.0%,2024,UN Comtrade / IMF DOTS (2024年)
ドイツ,DEU,自動車・同部品,一般機械・原子炉・ボイラー等,電気機器・録音機・テレビ等,医薬品,光学機器・写真用機器・医療用機器,プラスチック・同製品,航空機・宇宙船・同部品,特殊取扱品（その他）,鉄鋼製品,各種化学工業生産品,電気機器・録音機・テレビ等,一般機械・原子炉・ボイラー等,自動車・同部品,鉱物燃料・エネルギー（原油・石炭等）,医薬品,光学機器・写真用機器・医療用機器,プラスチック・同製品,有機化学品,鉄鋼製品,鉄鋼,アメリカ,9.5%,フランス,7.6%,オランダ,7.3%,ポーランド,6.5%,イタリア,5.4%,中国,5.3%,オーストリア,5.2%,イギリス,5.2%,スイス,4.8%,スペイン,3.8%,2025,UN Comtrade / IMF DOTS (2025年)
ギリシャ,GRC,鉱物燃料・エネルギー（原油・石炭等）,医薬品,アルミニウム・同製品,電気機器・録音機・テレビ等,一般機械・原子炉・ボイラー等,野菜・果実等の調製品,果実・ナッツ,プラスチック・同製品,酪農品・鳥卵・蜂蜜,動物性・植物性油脂,鉱物燃料・エネルギー（原油・石炭等）,電気機器・録音機・テレビ等,一般機械・原子炉・ボイラー等,自動車・同部品,医薬品,プラスチック・同製品,有機化学品,鉄鋼,アルミニウム・同製品,肉・食用屑,イタリア,9.2%,ドイツ,7.8%,Cyprus,6.9%,ブルガリア,6.5%,アメリカ,5.0%,ルーマニア,4.3%,イギリス,4.1%,スペイン,3.4%,フランス,3.2%,トルコ,2.8%,2024,UN Comtrade / IMF DOTS (2024年)
グレナダ,GRD,穀粉・でん粉・麦芽,飲料・アルコール・酢,食品工業廃棄物・飼料,自動車・同部品,なめし・染色エキス・塗料・インキ,コーヒー・茶・スパイス,一般機械・原子炉・ボイラー等,電気機器・録音機・テレビ等,魚介類・甲殻類,紙・板紙・製品,鉱物燃料・エネルギー（原油・石炭等）,一般機械・原子炉・ボイラー等,自動車・同部品,電気機器・録音機・テレビ等,肉・食用屑,プラスチック・同製品,木材・木製品・木炭,各種調製食料品,鉄鋼製品,飲料・アルコール・酢,イギリス,28.9%,アメリカ,12.3%,Trinidad and Tobago,8.5%,St. Lucia,7.2%,St. Vincent and the Grenadines,7.1%,Antigua and Barbuda,4.7%,中国,3.9%,フランス,3.3%,ドイツ,3.1%,Barbados,2.9%,2024,UN Comtrade / IMF DOTS (2024年)
グアテマラ,GTM,果実・ナッツ,衣類・衣類付属品（編物）,コーヒー・茶・スパイス,糖類・砂糖菓子,動物性・植物性油脂,プラスチック・同製品,紙・板紙・製品,鉱物燃料・エネルギー（原油・石炭等）,医薬品,各種調製食料品,鉱物燃料・エネルギー（原油・石炭等）,自動車・同部品,電気機器・録音機・テレビ等,一般機械・原子炉・ボイラー等,プラスチック・同製品,鉄鋼,医薬品,各種調製食料品,穀物,紙・板紙・製品,アメリカ,35.1%,El Salvador,12.9%,Honduras,9.1%,Nicaragua,5.9%,オランダ,5.7%,メキシコ,4.4%,Costa Rica,4.0%,Dominican Republic,1.9%,Panama,1.8%,台湾,1.7%,2024,UN Comtrade / IMF DOTS (2024年)
ガイアナ,GUY,鉱物燃料・エネルギー（原油・石炭等）,真珠・貴金属・宝石・装飾品,鉄道車両・軌道部品・交通信号機,船舶・浮体構造物,穀物,鉱石・スラグ・灰,一般機械・原子炉・ボイラー等,魚介類・甲殻類,光学機器・写真用機器・医療用機器,航空機・宇宙船・同部品,一般機械・原子炉・ボイラー等,船舶・浮体構造物,鉱物燃料・エネルギー（原油・石炭等）,鉄鋼製品,自動車・同部品,電気機器・録音機・テレビ等,光学機器・写真用機器・医療用機器,プラスチック・同製品,塩・硫黄・土石類・セメント,鉄鋼,Trinidad and Tobago,24.6%,イギリス,17.3%,アメリカ,15.6%,オランダ,11.3%,Panama,4.7%,ドイツ,3.3%,イタリア,2.9%,スウェーデン,2.6%,ポーランド,2.1%,Barbados,2.1%,2025,UN Comtrade / IMF DOTS (2025年)
ホンジュラス,HND,電気機器・録音機・テレビ等,コーヒー・茶・スパイス,動物性・植物性油脂,果実・ナッツ,魚介類・甲殻類,プラスチック・同製品,真珠・貴金属・宝石・装飾品,たばこ・製造たばこ代用品,糖類・砂糖菓子,穀物・粉製品・製菓,鉱物燃料・エネルギー（原油・石炭等）,自動車・同部品,一般機械・原子炉・ボイラー等,電気機器・録音機・テレビ等,医薬品,プラスチック・同製品,鉄鋼,各種調製食料品,穀物,紙・板紙・製品,アメリカ,32.9%,Guatemala,8.3%,El Salvador,7.4%,ドイツ,7.3%,Nicaragua,4.9%,オランダ,4.5%,ベルギー,4.3%,メキシコ,3.8%,イギリス,2.7%,Dominican Republic,2.4%,2024,UN Comtrade / IMF DOTS (2024年)
香港,HKG,電気機器・録音機・テレビ等,一般機械・原子炉・ボイラー等,真珠・貴金属・宝石・装飾品,光学機器・写真用機器・医療用機器,時計・同部品,美術品・収集品・骨とう,プラスチック・同製品,精油・香料・化粧品,航空機・宇宙船・同部品,衣類・衣類付属品（編物）,電気機器・録音機・テレビ等,真珠・貴金属・宝石・装飾品,一般機械・原子炉・ボイラー等,鉱物燃料・エネルギー（原油・石炭等）,光学機器・写真用機器・医療用機器,時計・同部品,美術品・収集品・骨とう,精油・香料・化粧品,プラスチック・同製品,航空機・宇宙船・同部品,中国,60.0%,アメリカ,5.9%,ベトナム,3.6%,台湾,3.5%,インド,2.7%,タイ,2.5%,アラブ首長国連邦,2.1%,日本,1.6%,シンガポール,1.5%,イギリス,1.5%,2025,UN Comtrade / IMF DOTS (2025年)
ハンガリー,HUN,電気機器・録音機・テレビ等,一般機械・原子炉・ボイラー等,自動車・同部品,医薬品,鉱物燃料・エネルギー（原油・石炭等）,プラスチック・同製品,光学機器・写真用機器・医療用機器,ゴム・同製品,食品工業廃棄物・飼料,鉄鋼製品,電気機器・録音機・テレビ等,一般機械・原子炉・ボイラー等,自動車・同部品,鉱物燃料・エネルギー（原油・石炭等）,医薬品,プラスチック・同製品,鉄鋼製品,光学機器・写真用機器・医療用機器,各種化学工業生産品,鉄鋼,ドイツ,25.0%,ルーマニア,5.7%,ポーランド,4.9%,イタリア,4.8%,スロバキア,4.7%,チェコ,4.3%,オーストリア,4.1%,アメリカ,3.9%,フランス,3.8%,オランダ,3.7%,2025,UN Comtrade / IMF DOTS (2025年)
アイスランド,ISL,魚介類・甲殻類,アルミニウム・同製品,光学機器・写真用機器・医療用機器,食品工業廃棄物・飼料,鉄鋼,動物性・植物性油脂,一般機械・原子炉・ボイラー等,医薬品,鉱物燃料・エネルギー（原油・石炭等）,肉・魚介類の調製品,一般機械・原子炉・ボイラー等,電気機器・録音機・テレビ等,鉱物燃料・エネルギー（原油・石炭等）,自動車・同部品,無機化学品・貴金属化合物,家具・寝具・照明器具・プレハブ建築,プラスチック・同製品,医薬品,鉄鋼製品,光学機器・写真用機器・医療用機器,オランダ,34.3%,イギリス,9.9%,アメリカ,9.2%,フランス,7.3%,スペイン,5.2%,ドイツ,4.4%,ノルウェー,3.6%,ポーランド,3.0%,中国,2.8%,"Lithuania, Republic of",2.7%,2025,UN Comtrade / IMF DOTS (2025年)
インドネシア,IDN,鉱物燃料・エネルギー（原油・石炭等）,動物性・植物性油脂,鉄鋼,電気機器・録音機・テレビ等,自動車・同部品,真珠・貴金属・宝石・装飾品,ニッケル・同製品,各種化学工業生産品,履物・ゲートル同製品,一般機械・原子炉・ボイラー等,鉱物燃料・エネルギー（原油・石炭等）,一般機械・原子炉・ボイラー等,電気機器・録音機・テレビ等,プラスチック・同製品,自動車・同部品,鉄鋼,有機化学品,穀物,真珠・貴金属・宝石・装飾品,光学機器・写真用機器・医療用機器,中国,25.9%,アメリカ,11.5%,インド,6.9%,日本,5.9%,シンガポール,5.3%,マレーシア,4.6%,ベトナム,3.6%,フィリピン,3.5%,韓国,3.5%,タイ,2.7%,2025,UN Comtrade / IMF DOTS (2025年)
アイルランド,IRL,医薬品,有機化学品,光学機器・写真用機器・医療用機器,電気機器・録音機・テレビ等,精油・香料・化粧品,一般機械・原子炉・ボイラー等,航空機・宇宙船・同部品,各種化学工業生産品,酪農品・鳥卵・蜂蜜,肉・食用屑,航空機・宇宙船・同部品,一般機械・原子炉・ボイラー等,医薬品,電気機器・録音機・テレビ等,鉱物燃料・エネルギー（原油・石炭等）,有機化学品,自動車・同部品,光学機器・写真用機器・医療用機器,プラスチック・同製品,精油・香料・化粧品,アメリカ,42.8%,オランダ,10.0%,イギリス,8.0%,ベルギー,6.1%,ドイツ,5.9%,中国,3.2%,イタリア,2.8%,フランス,2.2%,スペイン,1.6%,日本,1.5%,2024,UN Comtrade / IMF DOTS (2024年)
イスラエル,ISR,電気機器・録音機・テレビ等,光学機器・写真用機器・医療用機器,真珠・貴金属・宝石・装飾品,一般機械・原子炉・ボイラー等,鉱物燃料・エネルギー（原油・石炭等）,プラスチック・同製品,各種化学工業生産品,武器・弾薬・同部品,航空機・宇宙船・同部品,医薬品,電気機器・録音機・テレビ等,一般機械・原子炉・ボイラー等,自動車・同部品,鉱物燃料・エネルギー（原油・石炭等）,光学機器・写真用機器・医療用機器,医薬品,真珠・貴金属・宝石・装飾品,プラスチック・同製品,特殊取扱品（その他）,鉄鋼,アメリカ,30.7%,ドイツ,5.8%,中国,5.3%,オランダ,5.1%,インド,4.7%,香港,3.8%,アイルランド,2.9%,イギリス,2.9%,フランス,2.6%,ベルギー,2.5%,2025,UN Comtrade / IMF DOTS (2025年)
イタリア,ITA,一般機械・原子炉・ボイラー等,医薬品,自動車・同部品,電気機器・録音機・テレビ等,真珠・貴金属・宝石・装飾品,プラスチック・同製品,鉄鋼製品,鉱物燃料・エネルギー（原油・石炭等）,光学機器・写真用機器・医療用機器,衣類・衣類付属品（織物）,鉱物燃料・エネルギー（原油・石炭等）,自動車・同部品,一般機械・原子炉・ボイラー等,電気機器・録音機・テレビ等,有機化学品,医薬品,プラスチック・同製品,鉄鋼,真珠・貴金属・宝石・装飾品,光学機器・写真用機器・医療用機器,ドイツ,11.5%,アメリカ,11.1%,フランス,10.3%,スペイン,6.1%,スイス,5.6%,イギリス,4.3%,ポーランド,3.3%,ベルギー,3.2%,オランダ,3.0%,中国,2.3%,2025,UN Comtrade / IMF DOTS (2025年)
コートジボワール,CIV,ココア・ココア調製品,真珠・貴金属・宝石・装飾品,鉱物燃料・エネルギー（原油・石炭等）,ゴム・同製品,果実・ナッツ,動物性・植物性油脂,綿・綿織物,精油・香料・化粧品,プラスチック・同製品,各種調製食料品,鉱物燃料・エネルギー（原油・石炭等）,一般機械・原子炉・ボイラー等,穀物,自動車・同部品,魚介類・甲殻類,電気機器・録音機・テレビ等,プラスチック・同製品,医薬品,鉄鋼製品,鉄鋼,,,,,,,,,,,,,,,,,,,,,2024,UN Comtrade / IMF DOTS (2024年)
ジャマイカ,JAM,無機化学品・貴金属化合物,鉱物燃料・エネルギー（原油・石炭等）,飲料・アルコール・酢,鉱石・スラグ・灰,各種調製食料品,食用の野菜・根菜,穀物・粉製品・製菓,野菜・果実等の調製品,コーヒー・茶・スパイス,鉄鋼,鉱物燃料・エネルギー（原油・石炭等）,自動車・同部品,一般機械・原子炉・ボイラー等,電気機器・録音機・テレビ等,プラスチック・同製品,各種調製食料品,医薬品,穀物,飲料・アルコール・酢,野菜・果実等の調製品,アメリカ,46.4%,オランダ,7.7%,カナダ,7.5%,ロシア,6.0%,Iceland,5.7%,フランス,4.4%,イギリス,3.5%,Trinidad and Tobago,2.0%,中国,1.6%,ガーナ,1.4%,2024,UN Comtrade / IMF DOTS (2024年)
日本,JPN,自動車・同部品,一般機械・原子炉・ボイラー等,電気機器・録音機・テレビ等,特殊取扱品（その他）,光学機器・写真用機器・医療用機器,真珠・貴金属・宝石・装飾品,鉄鋼,プラスチック・同製品,銅・同製品,有機化学品,鉱物燃料・エネルギー（原油・石炭等）,電気機器・録音機・テレビ等,一般機械・原子炉・ボイラー等,医薬品,光学機器・写真用機器・医療用機器,鉱石・スラグ・灰,自動車・同部品,プラスチック・同製品,真珠・貴金属・宝石・装飾品,有機化学品,アメリカ,18.6%,中国,17.1%,台湾,7.2%,韓国,6.3%,香港,5.8%,タイ,3.8%,シンガポール,2.9%,インド,2.6%,ベトナム,2.6%,ドイツ,2.5%,2025,UN Comtrade / IMF DOTS (2025年)
カザフスタン,KAZ,鉱物燃料・エネルギー（原油・石炭等）,無機化学品・貴金属化合物,鉱石・スラグ・灰,鉄鋼,銅・同製品,一般機械・原子炉・ボイラー等,穀物,電気機器・録音機・テレビ等,真珠・貴金属・宝石・装飾品,航空機・宇宙船・同部品,一般機械・原子炉・ボイラー等,自動車・同部品,電気機器・録音機・テレビ等,鉄鋼製品,医薬品,鉱物燃料・エネルギー（原油・石炭等）,プラスチック・同製品,航空機・宇宙船・同部品,鉄鋼,光学機器・写真用機器・医療用機器,イタリア,22.0%,中国,16.0%,ロシア,12.2%,フランス,8.0%,オランダ,7.4%,トルコ,4.3%,"Uzbekistan, Republic of",4.0%,ギリシャ,3.4%,ルーマニア,2.9%,スペイン,1.6%,2024,UN Comtrade / IMF DOTS (2024年)
ヨルダン,JOR,衣類・衣類付属品（編物）,肥料,無機化学品・貴金属化合物,真珠・貴金属・宝石・装飾品,医薬品,塩・硫黄・土石類・セメント,果実・ナッツ,石けん・有機界面活性剤・ワックス,一般機械・原子炉・ボイラー等,プラスチック・同製品,鉱物燃料・エネルギー（原油・石炭等）,自動車・同部品,一般機械・原子炉・ボイラー等,特殊取扱品（その他）,真珠・貴金属・宝石・装飾品,電気機器・録音機・テレビ等,穀物,プラスチック・同製品,医薬品,メリヤス編物・クロセ編物,アメリカ,25.1%,サウジアラビア,11.1%,インド,10.8%,イラク,10.1%,イタリア,4.4%,中国,3.4%,スイス,3.2%,アラブ首長国連邦,3.1%,シリア,2.9%,"Egypt, Arab Republic of",2.2%,2024,UN Comtrade / IMF DOTS (2024年)
ケニア,KEN,コーヒー・茶・スパイス,鉱物燃料・エネルギー（原油・石炭等）,生花・盆栽・苗木,動物性・植物性油脂,果実・ナッツ,食用の野菜・根菜,衣類・衣類付属品（編物）,塩・硫黄・土石類・セメント,衣類・衣類付属品（織物）,医薬品,鉱物燃料・エネルギー（原油・石炭等）,一般機械・原子炉・ボイラー等,穀物,自動車・同部品,電気機器・録音機・テレビ等,動物性・植物性油脂,プラスチック・同製品,鉄鋼,医薬品,各種化学工業生産品,Uganda,11.9%,アラブ首長国連邦,9.9%,アメリカ,8.7%,パキスタン,6.8%,イギリス,6.1%,"Tanzania, United Republic of",6.1%,オランダ,5.7%,Rwanda,4.0%,"Congo, Democratic Republic of the",3.0%,"South Sudan, Republic of",2.9%,2024,UN Comtrade / IMF DOTS (2024年)
韓国,KOR,電気機器・録音機・テレビ等,自動車・同部品,一般機械・原子炉・ボイラー等,鉱物燃料・エネルギー（原油・石炭等）,プラスチック・同製品,船舶・浮体構造物,鉄鋼,有機化学品,光学機器・写真用機器・医療用機器,精油・香料・化粧品,鉱物燃料・エネルギー（原油・石炭等）,電気機器・録音機・テレビ等,一般機械・原子炉・ボイラー等,光学機器・写真用機器・医療用機器,自動車・同部品,鉱石・スラグ・灰,有機化学品,プラスチック・同製品,鉄鋼,無機化学品・貴金属化合物,中国,18.5%,アメリカ,17.4%,ベトナム,8.9%,台湾,6.9%,香港,4.9%,日本,4.0%,シンガポール,2.8%,インド,2.7%,オーストラリア,2.0%,マレーシア,1.7%,2025,UN Comtrade / IMF DOTS (2025年)
クウェート,KWT,鉱物燃料・エネルギー（原油・石炭等）,有機化学品,自動車・同部品,プラスチック・同製品,電気機器・録音機・テレビ等,真珠・貴金属・宝石・装飾品,一般機械・原子炉・ボイラー等,精油・香料・化粧品,酪農品・鳥卵・蜂蜜,鉄鋼製品,自動車・同部品,電気機器・録音機・テレビ等,一般機械・原子炉・ボイラー等,真珠・貴金属・宝石・装飾品,医薬品,特殊取扱品（その他）,鉄鋼製品,衣類・衣類付属品（編物）,肉・食用屑,光学機器・写真用機器・医療用機器,インド,19.8%,アラブ首長国連邦,18.3%,サウジアラビア,12.4%,イラク,11.7%,中国,9.0%,パキスタン,3.7%,カタール,2.8%,Cyprus,2.0%,マレーシア,1.9%,Jordan,1.9%,2024,UN Comtrade / IMF DOTS (2024年)
キルギス,KGZ,真珠・貴金属・宝石・装飾品,鉱石・スラグ・灰,鉱物燃料・エネルギー（原油・石炭等）,一般機械・原子炉・ボイラー等,電気機器・録音機・テレビ等,食用の野菜・根菜,履物・ゲートル同製品,自動車・同部品,プラスチック・同製品,他の紡織用繊維 of products (セット・古衣類),一般機械・原子炉・ボイラー等,自動車・同部品,鉱物燃料・エネルギー（原油・石炭等）,電気機器・録音機・テレビ等,鉄鋼,プラスチック・同製品,医薬品,鉄鋼製品,光学機器・写真用機器・医療用機器,果実・ナッツ,ロシア,36.2%,イギリス,23.0%,ベルギー,12.1%,"Uzbekistan, Republic of",9.1%,"Kazakhstan, Republic of",8.2%,アラブ首長国連邦,3.3%,中国,2.0%,"Afghanistan, Islamic Republic of",1.9%,トルコ,1.4%,ベラルーシ,0.5%,2025,UN Comtrade / IMF DOTS (2025年)
レバノン,LBN,自動車・同部品,真珠・貴金属・宝石・装飾品,電気機器・録音機・テレビ等,鉱物燃料・エネルギー（原油・石炭等）,一般機械・原子炉・ボイラー等,鉄鋼,野菜・果実等の調製品,銅・同製品,各種調製食料品,プラスチック・同製品,鉱物燃料・エネルギー（原油・石炭等）,真珠・貴金属・宝石・装飾品,自動車・同部品,医薬品,電気機器・録音機・テレビ等,一般機械・原子炉・ボイラー等,プラスチック・同製品,鉄鋼,穀物,動物（生体）,アラブ首長国連邦,22.9%,トルコ,9.2%,"Egypt, Arab Republic of",7.6%,イラク,4.3%,アメリカ,4.1%,ギリシャ,3.0%,Jordan,2.5%,スペイン,2.3%,イタリア,2.2%,クウェート,2.2%,2024,UN Comtrade / IMF DOTS (2024年)
レソト,LSO,真珠・貴金属・宝石・装飾品,飲料・アルコール・酢,衣類・衣類付属品（編物）,衣類・衣類付属品（織物）,羊毛・粗毛・馬毛糸・織物,電気機器・録音機・テレビ等,他の紡織用繊維 of products (セット・古衣類),一般機械・原子炉・ボイラー等,綿・綿織物,穀粉・でん粉・麦芽,鉱物燃料・エネルギー（原油・石炭等）,一般機械・原子炉・ボイラー等,電気機器・録音機・テレビ等,自動車・同部品,メリヤス編物・クロセ編物,穀物,鉄鋼製品,穀粉・でん粉・麦芽,飲料・アルコール・酢,プラスチック・同製品,アメリカ,51.7%,ベルギー,37.8%,カナダ,2.1%,"Eswatini, Kingdom of",2.0%,ドイツ,2.0%,"Egypt, Arab Republic of",0.7%,Botswana,0.7%,イギリス,0.4%,アラブ首長国連邦,0.4%,インドネシア,0.3%,2024,UN Comtrade / IMF DOTS (2024年)
ラトビア,LVA,木材・木製品・木炭,電気機器・録音機・テレビ等,鉱物燃料・エネルギー（原油・石炭等）,自動車・同部品,一般機械・原子炉・ボイラー等,飲料・アルコール・酢,医薬品,穀物,酪農品・鳥卵・蜂蜜,鉄鋼製品,電気機器・録音機・テレビ等,鉱物燃料・エネルギー（原油・石炭等）,自動車・同部品,一般機械・原子炉・ボイラー等,医薬品,プラスチック・同製品,飲料・アルコール・酢,木材・木製品・木炭,鉄鋼製品,鉄鋼,"Lithuania, Republic of",18.6%,"Estonia, Republic of",11.4%,ドイツ,6.7%,イギリス,5.5%,スウェーデン,5.2%,ロシア,5.2%,ポーランド,4.7%,デンマーク,3.9%,オランダ,3.2%,フィンランド,3.0%,2025,UN Comtrade / IMF DOTS (2025年)
リトアニア,LTU,鉱物燃料・エネルギー（原油・石炭等）,電気機器・録音機・テレビ等,家具・寝具・照明器具・プレハブ建築,自動車・同部品,プラスチック・同製品,一般機械・原子炉・ボイラー等,木材・木製品・木炭,医薬品,光学機器・写真用機器・医療用機器,各種化学工業生産品,鉱物燃料・エネルギー（原油・石炭等）,自動車・同部品,電気機器・録音機・テレビ等,一般機械・原子炉・ボイラー等,医薬品,プラスチック・同製品,鉄鋼製品,鉄鋼,光学機器・写真用機器・医療用機器,木材・木製品・木炭,"Latvia, Republic of",12.5%,ポーランド,10.3%,ドイツ,9.0%,オランダ,6.6%,"Estonia, Republic of",6.1%,アメリカ,4.7%,スウェーデン,4.4%,イギリス,4.3%,ウクライナ,4.0%,フランス,2.9%,2025,UN Comtrade / IMF DOTS (2025年)
ルクセンブルク,LUX,一般機械・原子炉・ボイラー等,プラスチック・同製品,自動車・同部品,鉄鋼,鉄鋼製品,ゴム・同製品,酪農品・鳥卵・蜂蜜,電気機器・録音機・テレビ等,アルミニウム・同製品,ウォッディング・フェルト・不織布・紐,自動車・同部品,鉱物燃料・エネルギー（原油・石炭等）,一般機械・原子炉・ボイラー等,プラスチック・同製品,電気機器・録音機・テレビ等,鉄鋼,医薬品,ゴム・同製品,飲料・アルコール・酢,航空機・宇宙船・同部品,ドイツ,25.0%,フランス,19.8%,ベルギー,13.3%,オランダ,6.1%,イタリア,4.1%,スペイン,3.2%,アメリカ,2.7%,ポーランド,2.4%,イギリス,2.3%,オーストリア,2.0%,2025,UN Comtrade / IMF DOTS (2025年)
マカオ,MAC,真珠・貴金属・宝石・装飾品,電気機器・録音機・テレビ等,時計・同部品,革製品・旅行用具・ハンドバッグ,衣類・衣類付属品（織物）,履物・ゲートル同製品,一般機械・原子炉・ボイラー等,衣類・衣類付属品（編物）,飲料・アルコール・酢,精油・香料・化粧品,真珠・貴金属・宝石・装飾品,電気機器・録音機・テレビ等,精油・香料・化粧品,革製品・旅行用具・ハンドバッグ,飲料・アルコール・酢,鉱物燃料・エネルギー（原油・石炭等）,時計・同部品,衣類・衣類付属品（編物）,一般機械・原子炉・ボイラー等,魚介類・甲殻類,香港,89.5%,中国,4.0%,アメリカ,1.5%,フィリピン,0.9%,ロシア,0.7%,ベトナム,0.7%,アラブ首長国連邦,0.7%,メキシコ,0.3%,日本,0.2%,オランダ,0.2%,2025,UN Comtrade / IMF DOTS (2025年)
マダガスカル,MDG,ニッケル・同製品,コーヒー・茶・スパイス,衣類・衣類付属品（織物）,鉱石・スラグ・灰,衣類・衣類付属品（編物）,魚介類・甲殻類,真珠・貴金属・宝石・装飾品,塩・硫黄・土石類・セメント,ココア・ココア調製品,精油・香料・化粧品,鉱物燃料・エネルギー（原油・石炭等）,一般機械・原子炉・ボイラー等,電気機器・録音機・テレビ等,自動車・同部品,穀物,動物性・植物性油脂,医薬品,プラスチック・同製品,メリヤス編物・クロセ編物,塩・硫黄・土石類・セメント,アメリカ,16.3%,フランス,16.2%,日本,12.1%,中国,10.7%,オランダ,9.8%,インド,6.0%,韓国,5.2%,ドイツ,3.2%,ベルギー,2.6%,スペイン,1.3%,2024,UN Comtrade / IMF DOTS (2024年)
マラウイ,MWI,たばこ・製造たばこ代用品,食用の野菜・根菜,コーヒー・茶・スパイス,採油用種子・果実・藁,食品工業廃棄物・飼料,木材・木製品・木炭,果実・ナッツ,肉・食用屑,自動車・同部品,一般機械・原子炉・ボイラー等,鉱物燃料・エネルギー（原油・石炭等）,一般機械・原子炉・ボイラー等,肥料,自動車・同部品,電気機器・録音機・テレビ等,医薬品,プラスチック・同製品,他の紡織用繊維 of products (セット・古衣類),書籍・新聞・絵画・印刷物,各種化学工業生産品,ベルギー,16.1%,アメリカ,5.9%,イギリス,5.9%,インド,5.8%,Zimbabwe,5.6%,ドイツ,5.5%,"Egypt, Arab Republic of",5.2%,"Tanzania, United Republic of",5.2%,Kenya,4.1%,トルコ,3.7%,2024,UN Comtrade / IMF DOTS (2024年)
マレーシア,MYS,電気機器・録音機・テレビ等,鉱物燃料・エネルギー（原油・石炭等）,一般機械・原子炉・ボイラー等,動物性・植物性油脂,光学機器・写真用機器・医療用機器,プラスチック・同製品,アルミニウム・同製品,各種化学工業生産品,ゴム・同製品,鉄鋼,電気機器・録音機・テレビ等,一般機械・原子炉・ボイラー等,鉱物燃料・エネルギー（原油・石炭等）,プラスチック・同製品,自動車・同部品,光学機器・写真用機器・医療用機器,真珠・貴金属・宝石・装飾品,鉄鋼,アルミニウム・同製品,各種化学工業生産品,シンガポール,15.7%,アメリカ,15.1%,中国,9.7%,香港,6.3%,日本,5.2%,台湾,4.9%,タイ,4.0%,インド,3.7%,韓国,3.7%,インドネシア,3.5%,2025,UN Comtrade / IMF DOTS (2025年)
モルディブ,MDV,魚介類・甲殻類,肉・魚介類の調製品,食品工業廃棄物・飼料,鉄鋼,船舶・浮体構造物,銅・同製品,プラスチック・同製品,電気機器・録音機・テレビ等,アルミニウム・同製品,鉱物燃料・エネルギー（原油・石炭等）,鉱物燃料・エネルギー（原油・石炭等）,一般機械・原子炉・ボイラー等,電気機器・録音機・テレビ等,航空機・宇宙船・同部品,塩・硫黄・土石類・セメント,家具・寝具・照明器具・プレハブ建築,肉・食用屑,酪農品・鳥卵・蜂蜜,プラスチック・同製品,木材・木製品・木炭,タイ,57.0%,イギリス,16.6%,ベトナム,4.0%,バングラデシュ,2.8%,インド,2.5%,フランス,2.5%,Mauritius,2.0%,ドイツ,1.9%,スイス,1.8%,Sri Lanka,1.2%,2024,UN Comtrade / IMF DOTS (2024年)
マルタ,MLT,電気機器・録音機・テレビ等,医薬品,鉱物燃料・エネルギー（原油・石炭等）,書籍・新聞・絵画・印刷物,魚介類・甲殻類,航空機・宇宙船・同部品,一般機械・原子炉・ボイラー等,玩具・遊戯具・運動用具・同部品,光学機器・写真用機器・医療用機器,各種調製食料品,鉱物燃料・エネルギー（原油・石炭等）,船舶・浮体構造物,電気機器・録音機・テレビ等,一般機械・原子炉・ボイラー等,医薬品,航空機・宇宙船・同部品,自動車・同部品,プラスチック・同製品,紙・板紙・製品,家具・寝具・照明器具・プレハブ建築,ドイツ,21.9%,イタリア,7.2%,日本,5.2%,アメリカ,5.0%,ギリシャ,4.5%,イギリス,3.8%,シンガポール,3.7%,香港,3.7%,スイス,2.2%,Libya,2.2%,2024,UN Comtrade / IMF DOTS (2024年)
モーリタニア,MRT,真珠・貴金属・宝石・装飾品,鉱石・スラグ・灰,魚介類・甲殻類,食品工業廃棄物・飼料,鉱物燃料・エネルギー（原油・石炭等）,塩・硫黄・土石類・セメント,肉・魚介類の調製品,綿・綿織物,果実・ナッツ,動物性・植物性油脂,鉱物燃料・エネルギー（原油・石炭等）,一般機械・原子炉・ボイラー等,糖類・砂糖菓子,自動車・同部品,穀物,鉄鋼製品,動物性・植物性油脂,電気機器・録音機・テレビ等,医薬品,酪農品・鳥卵・蜂蜜,カナダ,25.0%,中国,19.9%,スペイン,9.5%,スイス,8.3%,トルコ,4.7%,アラブ首長国連邦,4.0%,アルジェリア,3.7%,イタリア,3.3%,日本,2.8%,Côte d'Ivoire,2.7%,2024,UN Comtrade / IMF DOTS (2024年)
モーリシャス,MUS,肉・魚介類の調製品,糖類・砂糖菓子,衣類・衣類付属品（織物）,衣類・衣類付属品（編物）,動物（生体）,魚介類・甲殻類,メリヤス編物・クロセ編物,光学機器・写真用機器・医療用機器,真珠・貴金属・宝石・装飾品,プラスチック・同製品,鉱物燃料・エネルギー（原油・石炭等）,自動車・同部品,一般機械・原子炉・ボイラー等,電気機器・録音機・テレビ等,魚介類・甲殻類,医薬品,プラスチック・同製品,穀物,酪農品・鳥卵・蜂蜜,家具・寝具・照明器具・プレハブ建築,アメリカ,12.2%,イギリス,11.2%,"Madagascar, Republic of",10.9%,フランス,10.5%,スペイン,8.2%,ベトナム,4.6%,オランダ,4.5%,Kenya,4.2%,インド,2.9%,イタリア,2.8%,2025,UN Comtrade / IMF DOTS (2025年)
メキシコ,MEX,自動車・同部品,一般機械・原子炉・ボイラー等,電気機器・録音機・テレビ等,光学機器・写真用機器・医療用機器,鉱物燃料・エネルギー（原油・石炭等）,家具・寝具・照明器具・プレハブ建築,プラスチック・同製品,飲料・アルコール・酢,鉱石・スラグ・灰,真珠・貴金属・宝石・装飾品,電気機器・録音機・テレビ等,一般機械・原子炉・ボイラー等,自動車・同部品,鉱物燃料・エネルギー（原油・石炭等）,プラスチック・同製品,特殊取扱品（その他）,光学機器・写真用機器・医療用機器,鉄鋼,鉄鋼製品,アルミニウム・同製品,アメリカ,83.2%,カナダ,3.3%,中国,1.5%,ドイツ,1.2%,韓国,1.0%,スペイン,0.7%,ブラジル,0.7%,日本,0.6%,イギリス,0.6%,コロンビア,0.5%,2025,UN Comtrade / IMF DOTS (2025年)
台湾,TWN,電気機器・録音機・テレビ等,一般機械・原子炉・ボイラー等,プラスチック・同製品,鉱物燃料・エネルギー（原油・石炭等）,光学機器・写真用機器・医療用機器,自動車・同部品,鉄鋼,有機化学品,鉄鋼製品,銅・同製品,電気機器・録音機・テレビ等,一般機械・原子炉・ボイラー等,鉱物燃料・エネルギー（原油・石炭等）,光学機器・写真用機器・医療用機器,自動車・同部品,特殊取扱品（その他）,鉄鋼,プラスチック・同製品,有機化学品,銅・同製品,,,,,,,,,,,,,,,,,,,,,2024,UN Comtrade / IMF DOTS (2024年)
モルドバ,MDA,電気機器・録音機・テレビ等,採油用種子・果実・藁,果実・ナッツ,穀物,飲料・アルコール・酢,衣類・衣類付属品（織物）,鉱物燃料・エネルギー（原油・石炭等）,家具・寝具・照明器具・プレハブ建築,動物性・植物性油脂,野菜・果実等の調製品,鉱物燃料・エネルギー（原油・石炭等）,電気機器・録音機・テレビ等,自動車・同部品,一般機械・原子炉・ボイラー等,プラスチック・同製品,医薬品,鉄鋼,鉄鋼製品,木材・木製品・木炭,光学機器・写真用機器・医療用機器,ルーマニア,30.9%,ウクライナ,9.9%,チェコ,9.0%,トルコ,7.5%,イタリア,6.6%,ドイツ,4.3%,ブルガリア,3.5%,ポーランド,3.2%,ロシア,2.8%,ギリシャ,2.5%,2025,UN Comtrade / IMF DOTS (2025年)
モンテネグロ,MNE,鉱物燃料・エネルギー（原油・石炭等）,飲料・アルコール・酢,アルミニウム・同製品,鉱石・スラグ・灰,木材・木製品・木炭,医薬品,航空機・宇宙船・同部品,肉・食用屑,一般機械・原子炉・ボイラー等,自動車・同部品,鉱物燃料・エネルギー（原油・石炭等）,自動車・同部品,一般機械・原子炉・ボイラー等,電気機器・録音機・テレビ等,医薬品,肉・食用屑,飲料・アルコール・酢,鉄鋼製品,家具・寝具・照明器具・プレハブ建築,プラスチック・同製品,セルビア,27.7%,Bosnia and Herzegovina,10.1%,スロベニア,7.0%,ポーランド,6.2%,コソボ,5.5%,Albania,5.1%,スイス,4.8%,イタリア,2.8%,中国,2.7%,Luxembourg,2.2%,2024,UN Comtrade / IMF DOTS (2024年)
モントセラト,MSR,塩・硫黄・土石類・セメント,一般機械・原子炉・ボイラー等,光学機器・写真用機器・医療用機器,自動車・同部品,鉄鋼製品,電気機器・録音機・テレビ等,特殊取扱品（その他）,野菜・果実等の調製品,銅・同製品,家具・寝具・照明器具・プレハブ建築,鉱物燃料・エネルギー（原油・石炭等）,一般機械・原子炉・ボイラー等,自動車・同部品,電気機器・録音機・テレビ等,鉄鋼製品,飲料・アルコール・酢,家具・寝具・照明器具・プレハブ建築,光学機器・写真用機器・医療用機器,肉・食用屑,鉄鋼,,,,,,,,,,,,,,,,,,,,,2024,UN Comtrade / IMF DOTS (2024年)
モロッコ,MAR,自動車・同部品,電気機器・録音機・テレビ等,肥料,衣類・衣類付属品（織物）,航空機・宇宙船・同部品,無機化学品・貴金属化合物,食用の野菜・根菜,果実・ナッツ,衣類・衣類付属品（編物）,魚介類・甲殻類,電気機器・録音機・テレビ等,鉱物燃料・エネルギー（原油・石炭等）,自動車・同部品,一般機械・原子炉・ボイラー等,プラスチック・同製品,航空機・宇宙船・同部品,穀物,無機化学品・貴金属化合物,鉄鋼,銅・同製品,フランス,22.7%,スペイン,13.0%,ドイツ,7.1%,イギリス,5.5%,イタリア,4.6%,インド,4.3%,アメリカ,3.1%,オーストラリア,3.0%,トルコ,3.0%,ルーマニア,2.7%,2024,UN Comtrade / IMF DOTS (2024年)
モザンビーク,MOZ,鉱物燃料・エネルギー（原油・石炭等）,アルミニウム・同製品,鉱石・スラグ・灰,採油用種子・果実・藁,たばこ・製造たばこ代用品,果実・ナッツ,食用の野菜・根菜,塩・硫黄・土石類・セメント,真珠・貴金属・宝石・装飾品,糖類・砂糖菓子,鉱物燃料・エネルギー（原油・石炭等）,一般機械・原子炉・ボイラー等,穀物,自動車・同部品,電気機器・録音機・テレビ等,無機化学品・貴金属化合物,動物性・植物性油脂,鉄鋼製品,鉄鋼,プラスチック・同製品,イギリス,25.7%,インド,20.2%,中国,13.2%,オランダ,5.9%,韓国,5.1%,ベトナム,4.2%,ベルギー,2.8%,ザンビア,2.0%,アラブ首長国連邦,2.0%,タイ,1.8%,2024,UN Comtrade / IMF DOTS (2024年)
オマーン,OMN,鉱物燃料・エネルギー（原油・石炭等）,プラスチック・同製品,鉱石・スラグ・灰,鉄鋼,肥料,アルミニウム・同製品,電気機器・録音機・テレビ等,一般機械・原子炉・ボイラー等,真珠・貴金属・宝石・装飾品,有機化学品,鉱物燃料・エネルギー（原油・石炭等）,一般機械・原子炉・ボイラー等,自動車・同部品,電気機器・録音機・テレビ等,鉱石・スラグ・灰,鉄鋼,鉄鋼製品,有機化学品,真珠・貴金属・宝石・装飾品,プラスチック・同製品,アラブ首長国連邦,20.6%,サウジアラビア,10.9%,クウェート,10.5%,インド,9.8%,アメリカ,5.9%,イラン,5.1%,韓国,4.3%,オランダ,3.5%,カタール,2.1%,台湾,1.9%,2024,UN Comtrade / IMF DOTS (2024年)
ナミビア,NAM,真珠・貴金属・宝石・装飾品,鉱石・スラグ・灰,魚介類・甲殻類,銅・同製品,鉱物燃料・エネルギー（原油・石炭等）,一般機械・原子炉・ボイラー等,塩・硫黄・土石類・セメント,無機化学品・貴金属化合物,動物（生体）,肉・食用屑,鉱物燃料・エネルギー（原油・石炭等）,一般機械・原子炉・ボイラー等,鉱石・スラグ・灰,自動車・同部品,電気機器・録音機・テレビ等,鉄鋼製品,無機化学品・貴金属化合物,プラスチック・同製品,肥料,飲料・アルコール・酢,中国,30.9%,Botswana,13.3%,ザンビア,12.3%,スペイン,5.9%,フランス,5.5%,アメリカ,4.5%,オランダ,2.8%,"Congo, Democratic Republic of the",2.6%,ベルギー,2.6%,カナダ,2.3%,2024,UN Comtrade / IMF DOTS (2024年)
オランダ,NLD,一般機械・原子炉・ボイラー等,鉱物燃料・エネルギー（原油・石炭等）,電気機器・録音機・テレビ等,光学機器・写真用機器・医療用機器,医薬品,プラスチック・同製品,自動車・同部品,有機化学品,各種化学工業生産品,酪農品・鳥卵・蜂蜜,鉱物燃料・エネルギー（原油・石炭等）,一般機械・原子炉・ボイラー等,電気機器・録音機・テレビ等,光学機器・写真用機器・医療用機器,自動車・同部品,医薬品,プラスチック・同製品,有機化学品,各種化学工業生産品,ココア・ココア調製品,ドイツ,24.3%,ベルギー,11.1%,フランス,8.4%,イギリス,5.9%,アメリカ,5.1%,イタリア,4.7%,スペイン,4.0%,ポーランド,3.5%,中国,2.5%,スウェーデン,2.4%,2025,UN Comtrade / IMF DOTS (2025年)
ニュージーランド,NZL,酪農品・鳥卵・蜂蜜,肉・食用屑,果実・ナッツ,木材・木製品・木炭,穀物・粉製品・製菓,一般機械・原子炉・ボイラー等,飲料・アルコール・酢,たんぱく質系物質・接着剤,魚介類・甲殻類,電気機器・録音機・テレビ等,一般機械・原子炉・ボイラー等,鉱物燃料・エネルギー（原油・石炭等）,自動車・同部品,電気機器・録音機・テレビ等,光学機器・写真用機器・医療用機器,プラスチック・同製品,医薬品,食品工業廃棄物・飼料,航空機・宇宙船・同部品,家具・寝具・照明器具・プレハブ建築,中国,25.5%,オーストラリア,12.9%,アメリカ,12.0%,日本,5.1%,韓国,3.4%,イギリス,2.7%,台湾,2.4%,インドネシア,2.3%,シンガポール,2.2%,オランダ,2.1%,2025,UN Comtrade / IMF DOTS (2025年)
ニカラグア,NIC,衣類・衣類付属品（編物）,真珠・貴金属・宝石・装飾品,肉・食用屑,電気機器・録音機・テレビ等,コーヒー・茶・スパイス,たばこ・製造たばこ代用品,糖類・砂糖菓子,魚介類・甲殻類,衣類・衣類付属品（織物）,酪農品・鳥卵・蜂蜜,鉱物燃料・エネルギー（原油・石炭等）,自動車・同部品,電気機器・録音機・テレビ等,衣類・衣類付属品（編物）,一般機械・原子炉・ボイラー等,医薬品,プラスチック・同製品,メリヤス編物・クロセ編物,鉄鋼,穀物,アメリカ,40.3%,カナダ,18.5%,El Salvador,8.8%,メキシコ,4.9%,ベルギー,3.7%,Costa Rica,2.6%,ドイツ,1.8%,スイス,1.6%,Panama,1.6%,Guatemala,1.4%,2024,UN Comtrade / IMF DOTS (2024年)
ニジェール,NER,鉱物燃料・エネルギー（原油・石炭等）,一般機械・原子炉・ボイラー等,食用の野菜・根菜,塩・硫黄・土石類・セメント,動物（生体）,自動車・同部品,書籍・新聞・絵画・印刷物,光学機器・写真用機器・医療用機器,真珠・貴金属・宝石・装飾品,採油用種子・果実・藁,穀物,鉱物燃料・エネルギー（原油・石炭等）,医薬品,自動車・同部品,電気機器・録音機・テレビ等,一般機械・原子炉・ボイラー等,各種調製食料品,他の紡織用繊維 of products (セット・古衣類),穀物・粉製品・製菓,動物性・植物性油脂,イタリア,34.3%,Chad,18.4%,マレーシア,12.7%,Libya,6.6%,シンガポール,5.7%,Mali,5.0%,中国,4.5%,オランダ,4.3%,ドイツ,1.4%,ナイジェリア,1.3%,2024,UN Comtrade / IMF DOTS (2024年)
ナイジェリア,NGA,鉱物燃料・エネルギー（原油・石炭等）,ココア・ココア調製品,肥料,採油用種子・果実・藁,船舶・浮体構造物,アルミニウム・同製品,果実・ナッツ,真珠・貴金属・宝石・装飾品,銅・同製品,鉱石・スラグ・灰,鉱物燃料・エネルギー（原油・石炭等）,一般機械・原子炉・ボイラー等,自動車・同部品,電気機器・録音機・テレビ等,プラスチック・同製品,特殊取扱品（その他）,穀物,鉄鋼製品,糖類・砂糖菓子,有機化学品,インド,11.5%,スペイン,10.7%,オランダ,9.4%,イタリア,6.1%,アメリカ,5.4%,カナダ,4.9%,インドネシア,4.6%,中国,4.2%,マレーシア,3.4%,トーゴ,3.1%,2024,UN Comtrade / IMF DOTS (2024年)
ノルウェー,NOR,鉱物燃料・エネルギー（原油・石炭等）,魚介類・甲殻類,一般機械・原子炉・ボイラー等,電気機器・録音機・テレビ等,特殊取扱品（その他）,アルミニウム・同製品,光学機器・写真用機器・医療用機器,ニッケル・同製品,自動車・同部品,鉄鋼製品,一般機械・原子炉・ボイラー等,自動車・同部品,電気機器・録音機・テレビ等,鉱物燃料・エネルギー（原油・石炭等）,鉄鋼製品,特殊取扱品（その他）,光学機器・写真用機器・医療用機器,医薬品,プラスチック・同製品,家具・寝具・照明器具・プレハブ建築,イギリス,17.6%,ドイツ,17.5%,オランダ,9.8%,スウェーデン,6.5%,ポーランド,5.9%,フランス,5.8%,デンマーク,5.7%,ベルギー,5.1%,アメリカ,3.9%,フィンランド,3.3%,2025,UN Comtrade / IMF DOTS (2025年)
パキスタン,PAK,他の紡織用繊維 of products (セット・古衣類),衣類・衣類付属品（編物）,衣類・衣類付属品（織物）,穀物,綿・綿織物,銅・同製品,革製品・旅行用具・ハンドバッグ,鉱物燃料・エネルギー（原油・石炭等）,塩・硫黄・土石類・セメント,肉・食用屑,鉱物燃料・エネルギー（原油・石炭等）,電気機器・録音機・テレビ等,動物性・植物性油脂,鉄鋼,一般機械・原子炉・ボイラー等,有機化学品,プラスチック・同製品,自動車・同部品,綿・綿織物,採油用種子・果実・藁,アメリカ,18.7%,中国,8.0%,イギリス,7.6%,アラブ首長国連邦,6.6%,オランダ,5.7%,ドイツ,5.6%,スペイン,5.6%,イタリア,3.9%,バングラデシュ,2.6%,サウジアラビア,2.1%,2025,UN Comtrade / IMF DOTS (2025年)
パナマ,PAN,魚介類・甲殻類,鉱石・スラグ・灰,果実・ナッツ,真珠・貴金属・宝石・装飾品,動物性・植物性油脂,鉄鋼,糖類・砂糖菓子,食品工業廃棄物・飼料,医薬品,木材・木製品・木炭,鉱物燃料・エネルギー（原油・石炭等）,自動車・同部品,一般機械・原子炉・ボイラー等,電気機器・録音機・テレビ等,医薬品,プラスチック・同製品,光学機器・写真用機器・医療用機器,各種調製食料品,衣類・衣類付属品（織物）,飲料・アルコール・酢,アメリカ,16.4%,"Macao Special Administrative Region, People's Republic of China",13.0%,イギリス,7.9%,ブルガリア,6.5%,インド,5.0%,Costa Rica,4.9%,メキシコ,4.2%,台湾,4.2%,オランダ,3.8%,タイ,3.3%,2025,UN Comtrade / IMF DOTS (2025年)
パラグアイ,PRY,採油用種子・果実・藁,肉・食用屑,鉱物燃料・エネルギー（原油・石炭等）,穀物,食品工業廃棄物・飼料,動物性・植物性油脂,電気機器・録音機・テレビ等,アルミニウム・同製品,各種化学工業生産品,飲料・アルコール・酢,電気機器・録音機・テレビ等,一般機械・原子炉・ボイラー等,鉱物燃料・エネルギー（原油・石炭等）,自動車・同部品,肥料,各種化学工業生産品,プラスチック・同製品,医薬品,精油・香料・化粧品,ゴム・同製品,ブラジル,34.4%,アルゼンチン,12.9%,チリ,9.3%,アメリカ,7.4%,台湾,4.4%,オランダ,3.6%,Bolivia,3.1%,ウルグアイ,3.1%,イスラエル,2.5%,バングラデシュ,1.7%,2025,UN Comtrade / IMF DOTS (2025年)
ペルー,PER,鉱石・スラグ・灰,真珠・貴金属・宝石・装飾品,果実・ナッツ,鉱物燃料・エネルギー（原油・石炭等）,銅・同製品,食品工業廃棄物・飼料,コーヒー・茶・スパイス,ココア・ココア調製品,衣類・衣類付属品（編物）,魚介類・甲殻類,鉱物燃料・エネルギー（原油・石炭等）,一般機械・原子炉・ボイラー等,自動車・同部品,電気機器・録音機・テレビ等,プラスチック・同製品,鉄鋼,穀物,鉄鋼製品,医薬品,各種化学工業生産品,中国,32.7%,アメリカ,13.1%,インド,6.6%,カナダ,5.1%,日本,4.6%,スイス,3.7%,オランダ,3.3%,韓国,2.9%,チリ,2.9%,スペイン,2.8%,2024,UN Comtrade / IMF DOTS (2024年)
フィリピン,PHL,電気機器・録音機・テレビ等,一般機械・原子炉・ボイラー等,光学機器・写真用機器・医療用機器,鉱石・スラグ・灰,動物性・植物性油脂,果実・ナッツ,銅・同製品,真珠・貴金属・宝石・装飾品,プラスチック・同製品,自動車・同部品,電気機器・録音機・テレビ等,鉱物燃料・エネルギー（原油・石炭等）,一般機械・原子炉・ボイラー等,自動車・同部品,穀物,プラスチック・同製品,鉄鋼,鉱石・スラグ・灰,鉄鋼製品,光学機器・写真用機器・医療用機器,アメリカ,16.2%,香港,14.7%,日本,13.8%,中国,11.1%,オランダ,4.3%,シンガポール,4.2%,ドイツ,4.0%,韓国,3.9%,台湾,3.9%,タイ,3.5%,2024,UN Comtrade / IMF DOTS (2024年)
ポーランド,POL,一般機械・原子炉・ボイラー等,電気機器・録音機・テレビ等,自動車・同部品,プラスチック・同製品,家具・寝具・照明器具・プレハブ建築,鉄鋼製品,鉱物燃料・エネルギー（原油・石炭等）,肉・食用屑,光学機器・写真用機器・医療用機器,衣類・衣類付属品（織物）,一般機械・原子炉・ボイラー等,電気機器・録音機・テレビ等,自動車・同部品,鉱物燃料・エネルギー（原油・石炭等）,プラスチック・同製品,医薬品,鉄鋼,光学機器・写真用機器・医療用機器,衣類・衣類付属品（織物）,鉄鋼製品,ドイツ,27.1%,チェコ,6.3%,フランス,6.1%,イギリス,5.1%,オランダ,4.7%,イタリア,4.5%,ウクライナ,3.7%,アメリカ,3.2%,スペイン,3.0%,スロバキア,2.7%,2024,UN Comtrade / IMF DOTS (2024年)
ポルトガル,PRT,自動車・同部品,電気機器・録音機・テレビ等,一般機械・原子炉・ボイラー等,鉱物燃料・エネルギー（原油・石炭等）,医薬品,プラスチック・同製品,鉄鋼製品,紙・板紙・製品,家具・寝具・照明器具・プレハブ建築,光学機器・写真用機器・医療用機器,自動車・同部品,鉱物燃料・エネルギー（原油・石炭等）,電気機器・録音機・テレビ等,一般機械・原子炉・ボイラー等,プラスチック・同製品,有機化学品,医薬品,鉄鋼,光学機器・写真用機器・医療用機器,魚介類・甲殻類,,,,,,,,,,,,,,,,,,,,,2025,UN Comtrade / IMF DOTS (2025年)
カタール,QAT,鉱物燃料・エネルギー（原油・石炭等）,プラスチック・同製品,アルミニウム・同製品,肥料,無機化学品・貴金属化合物,有機化学品,船舶・浮体構造物,一般機械・原子炉・ボイラー等,自動車・同部品,鉄鋼,一般機械・原子炉・ボイラー等,電気機器・録音機・テレビ等,自動車・同部品,鉱物燃料・エネルギー（原油・石炭等）,鉄鋼製品,真珠・貴金属・宝石・装飾品,航空機・宇宙船・同部品,医薬品,光学機器・写真用機器・医療用機器,武器・弾薬・同部品,,,,,,,,,,,,,,,,,,,,,2024,UN Comtrade / IMF DOTS (2024年)
ルーマニア,ROU,電気機器・録音機・テレビ等,自動車・同部品,一般機械・原子炉・ボイラー等,鉱物燃料・エネルギー（原油・石炭等）,ゴム・同製品,穀物,光学機器・写真用機器・医療用機器,家具・寝具・照明器具・プレハブ建築,鉄鋼製品,プラスチック・同製品,電気機器・録音機・テレビ等,一般機械・原子炉・ボイラー等,自動車・同部品,鉱物燃料・エネルギー（原油・石炭等）,医薬品,プラスチック・同製品,鉄鋼,鉄鋼製品,光学機器・写真用機器・医療用機器,ゴム・同製品,ドイツ,20.1%,イタリア,8.9%,フランス,6.3%,ハンガリー,5.6%,ブルガリア,4.3%,オランダ,4.1%,トルコ,4.0%,ポーランド,4.0%,チェコ,3.3%,"Moldova, Republic of",3.0%,2025,UN Comtrade / IMF DOTS (2025年)
サウジアラビア,SAU,鉱物燃料・エネルギー（原油・石炭等）,プラスチック・同製品,有機化学品,電気機器・録音機・テレビ等,船舶・浮体構造物,肥料,一般機械・原子炉・ボイラー等,真珠・貴金属・宝石・装飾品,アルミニウム・同製品,無機化学品・貴金属化合物,一般機械・原子炉・ボイラー等,自動車・同部品,電気機器・録音機・テレビ等,鉱物燃料・エネルギー（原油・石炭等）,真珠・貴金属・宝石・装飾品,医薬品,特殊取扱品（その他）,鉄鋼製品,鉄鋼,光学機器・写真用機器・医療用機器,中国,15.0%,アラブ首長国連邦,10.2%,インド,9.6%,日本,8.4%,韓国,8.0%,アメリカ,4.0%,"Egypt, Arab Republic of",3.7%,"Bahrain, Kingdom of",3.3%,ポーランド,3.2%,シンガポール,2.2%,2024,UN Comtrade / IMF DOTS (2024年)
セネガル,SEN,鉱物燃料・エネルギー（原油・石炭等）,真珠・貴金属・宝石・装飾品,無機化学品・貴金属化合物,魚介類・甲殻類,塩・硫黄・土石類・セメント,鉱石・スラグ・灰,各種調製食料品,鉄鋼,採油用種子・果実・藁,果実・ナッツ,鉱物燃料・エネルギー（原油・石炭等）,穀物,一般機械・原子炉・ボイラー等,電気機器・録音機・テレビ等,自動車・同部品,医薬品,船舶・浮体構造物,鉄鋼製品,プラスチック・同製品,穀物・粉製品・製菓,Mali,17.7%,イタリア,14.8%,スイス,13.3%,スペイン,10.2%,インド,8.3%,オランダ,6.7%,中国,6.0%,Guinea,2.5%,"Gambia, The",2.3%,Côte d'Ivoire,2.1%,2024,UN Comtrade / IMF DOTS (2024年)
セルビア,SRB,電気機器・録音機・テレビ等,一般機械・原子炉・ボイラー等,自動車・同部品,鉱石・スラグ・灰,銅・同製品,ゴム・同製品,プラスチック・同製品,鉱物燃料・エネルギー（原油・石炭等）,家具・寝具・照明器具・プレハブ建築,果実・ナッツ,特殊取扱品（その他）,鉱物燃料・エネルギー（原油・石炭等）,電気機器・録音機・テレビ等,一般機械・原子炉・ボイラー等,プラスチック・同製品,自動車・同部品,医薬品,鉄鋼製品,鉄鋼,アルミニウム・同製品,ドイツ,12.6%,イタリア,7.2%,Bosnia and Herzegovina,7.0%,中国,5.0%,ハンガリー,4.7%,ルーマニア,4.5%,Montenegro,4.4%,トルコ,4.0%,チェコ,3.9%,ブルガリア,3.9%,2025,UN Comtrade / IMF DOTS (2025年)
セーシェル,SYC,肉・魚介類の調製品,鉱物燃料・エネルギー（原油・石炭等）,銅・同製品,魚介類・甲殻類,食品工業廃棄物・飼料,アルミニウム・同製品,一般機械・原子炉・ボイラー等,動物性・植物性油脂,鉄鋼,光学機器・写真用機器・医療用機器,鉱物燃料・エネルギー（原油・石炭等）,魚介類・甲殻類,一般機械・原子炉・ボイラー等,電気機器・録音機・テレビ等,自動車・同部品,鉄鋼製品,プラスチック・同製品,紙・板紙・製品,飲料・アルコール・酢,家具・寝具・照明器具・プレハブ建築,インド,27.0%,Bermuda,19.5%,アラブ首長国連邦,14.0%,フランス,12.5%,イギリス,8.3%,イタリア,5.4%,オランダ,3.7%,タイ,1.6%,ドイツ,1.0%,ポルトガル,0.9%,2024,UN Comtrade / IMF DOTS (2024年)
インド,IND,鉱物燃料・エネルギー（原油・石炭等）,電気機器・録音機・テレビ等,一般機械・原子炉・ボイラー等,真珠・貴金属・宝石・装飾品,医薬品,自動車・同部品,有機化学品,穀物,鉄鋼,鉄鋼製品,鉱物燃料・エネルギー（原油・石炭等）,真珠・貴金属・宝石・装飾品,電気機器・録音機・テレビ等,一般機械・原子炉・ボイラー等,有機化学品,プラスチック・同製品,鉄鋼,動物性・植物性油脂,光学機器・写真用機器・医療用機器,銅・同製品,アメリカ,21.8%,アラブ首長国連邦,8.5%,オランダ,4.7%,中国,3.9%,イギリス,3.5%,バングラデシュ,2.7%,ドイツ,2.7%,シンガポール,2.6%,サウジアラビア,2.4%,ブラジル,1.9%,2024,UN Comtrade / IMF DOTS (2024年)
シンガポール,SGP,電気機器・録音機・テレビ等,一般機械・原子炉・ボイラー等,鉱物燃料・エネルギー（原油・石炭等）,特殊取扱品（その他）,光学機器・写真用機器・医療用機器,真珠・貴金属・宝石・装飾品,プラスチック・同製品,有機化学品,精油・香料・化粧品,医薬品,電気機器・録音機・テレビ等,鉱物燃料・エネルギー（原油・石炭等）,一般機械・原子炉・ボイラー等,真珠・貴金属・宝石・装飾品,光学機器・写真用機器・医療用機器,航空機・宇宙船・同部品,有機化学品,プラスチック・同製品,医薬品,精油・香料・化粧品,香港,11.1%,中国,11.0%,マレーシア,10.1%,アメリカ,9.4%,台湾,9.1%,インドネシア,7.1%,タイ,4.5%,韓国,4.0%,ベトナム,3.7%,インド,3.3%,2024,UN Comtrade / IMF DOTS (2024年)
スロバキア,SVK,自動車・同部品,電気機器・録音機・テレビ等,一般機械・原子炉・ボイラー等,鉱物燃料・エネルギー（原油・石炭等）,鉄鋼,ゴム・同製品,プラスチック・同製品,鉄鋼製品,武器・弾薬・同部品,家具・寝具・照明器具・プレハブ建築,電気機器・録音機・テレビ等,自動車・同部品,一般機械・原子炉・ボイラー等,鉱物燃料・エネルギー（原油・石炭等）,プラスチック・同製品,医薬品,鉄鋼,鉄鋼製品,ゴム・同製品,家具・寝具・照明器具・プレハブ建築,,,,,,,,,,,,,,,,,,,,,2025,UN Comtrade / IMF DOTS (2025年)
スロベニア,SVN,医薬品,電気機器・録音機・テレビ等,自動車・同部品,一般機械・原子炉・ボイラー等,鉱物燃料・エネルギー（原油・石炭等）,有機化学品,プラスチック・同製品,アルミニウム・同製品,鉄鋼,光学機器・写真用機器・医療用機器,有機化学品,医薬品,自動車・同部品,鉱物燃料・エネルギー（原油・石炭等）,電気機器・録音機・テレビ等,一般機械・原子炉・ボイラー等,プラスチック・同製品,鉄鋼,アルミニウム・同製品,光学機器・写真用機器・医療用機器,スイス,36.0%,ドイツ,10.4%,イタリア,7.0%,クロアチア,6.1%,オーストリア,4.4%,ポーランド,3.5%,ハンガリー,2.9%,セルビア,2.3%,フランス,2.2%,チェコ,2.2%,2025,UN Comtrade / IMF DOTS (2025年)
南アフリカ,ZAF,真珠・貴金属・宝石・装飾品,鉱石・スラグ・灰,自動車・同部品,鉱物燃料・エネルギー（原油・石炭等）,一般機械・原子炉・ボイラー等,果実・ナッツ,鉄鋼,電気機器・録音機・テレビ等,アルミニウム・同製品,飲料・アルコール・酢,鉱物燃料・エネルギー（原油・石炭等）,一般機械・原子炉・ボイラー等,電気機器・録音機・テレビ等,特殊取扱品（その他）,自動車・同部品,プラスチック・同製品,光学機器・写真用機器・医療用機器,医薬品,各種化学工業生産品,真珠・貴金属・宝石・装飾品,中国,12.6%,フランス,6.3%,イタリア,5.9%,アラブ首長国連邦,5.9%,スペイン,5.2%,インド,5.0%,ドイツ,4.8%,オランダ,4.3%,アメリカ,4.1%,スイス,4.1%,2025,UN Comtrade / IMF DOTS (2025年)
ジンバブエ,ZWE,真珠・貴金属・宝石・装飾品,たばこ・製造たばこ代用品,ニッケル・同製品,鉱石・スラグ・灰,鉄鋼,塩・硫黄・土石類・セメント,鉱物燃料・エネルギー（原油・石炭等）,糖類・砂糖菓子,原料皮・革,果実・ナッツ,鉱物燃料・エネルギー（原油・石炭等）,一般機械・原子炉・ボイラー等,穀物,自動車・同部品,電気機器・録音機・テレビ等,肥料,プラスチック・同製品,動物性・植物性油脂,鉄鋼製品,鉄鋼,アラブ首長国連邦,40.2%,ジョージア,21.5%,中国,20.3%,ベルギー,3.0%,オランダ,3.0%,"Mozambique, Republic of",2.3%,ザンビア,1.4%,イラン,1.3%,インドネシア,0.7%,アメリカ,0.7%,2024,UN Comtrade / IMF DOTS (2024年)
スペイン,ESP,自動車・同部品,一般機械・原子炉・ボイラー等,電気機器・録音機・テレビ等,鉱物燃料・エネルギー（原油・石炭等）,医薬品,特殊取扱品（その他）,プラスチック・同製品,果実・ナッツ,肉・食用屑,精油・香料・化粧品,鉱物燃料・エネルギー（原油・石炭等）,自動車・同部品,一般機械・原子炉・ボイラー等,電気機器・録音機・テレビ等,医薬品,プラスチック・同製品,特殊取扱品（その他）,光学機器・写真用機器・医療用機器,有機化学品,鉄鋼,フランス,15.0%,ドイツ,10.7%,ポルトガル,9.2%,イタリア,8.7%,イギリス,6.6%,アメリカ,4.4%,オランダ,3.9%,ベルギー,3.4%,モロッコ,3.2%,ポーランド,2.8%,2025,UN Comtrade / IMF DOTS (2025年)
スリナム,SUR,真珠・貴金属・宝石・装飾品,木材・木製品・木炭,一般機械・原子炉・ボイラー等,魚介類・甲殻類,鉱石・スラグ・灰,塩・硫黄・土石類・セメント,穀物,鉱物燃料・エネルギー（原油・石炭等）,飲料・アルコール・酢,たばこ・製造たばこ代用品,一般機械・原子炉・ボイラー等,鉱物燃料・エネルギー（原油・石炭等）,自動車・同部品,電気機器・録音機・テレビ等,鉄鋼製品,プラスチック・同製品,光学機器・写真用機器・医療用機器,各種化学工業生産品,各種調製食料品,ゴム・同製品,シンガポール,46.4%,オーストラリア,37.6%,アラブ首長国連邦,4.3%,アメリカ,2.6%,Trinidad and Tobago,2.4%,Guyana,1.1%,イギリス,0.8%,オランダ,0.7%,Antigua and Barbuda,0.7%,Paraguay,0.5%,2025,UN Comtrade / IMF DOTS (2025年)
スウェーデン,SWE,一般機械・原子炉・ボイラー等,自動車・同部品,電気機器・録音機・テレビ等,医薬品,鉱物燃料・エネルギー（原油・石炭等）,紙・板紙・製品,特殊取扱品（その他）,鉄鋼,プラスチック・同製品,魚介類・甲殻類,電気機器・録音機・テレビ等,一般機械・原子炉・ボイラー等,自動車・同部品,鉱物燃料・エネルギー（原油・石炭等）,特殊取扱品（その他）,医薬品,魚介類・甲殻類,プラスチック・同製品,光学機器・写真用機器・医療用機器,鉄鋼,ドイツ,10.3%,ノルウェー,9.3%,アメリカ,8.3%,デンマーク,7.2%,フィンランド,6.7%,イギリス,5.4%,オランダ,5.0%,ベルギー,4.9%,ポーランド,4.2%,フランス,4.2%,2025,UN Comtrade / IMF DOTS (2025年)
スイス,CHE,真珠・貴金属・宝石・装飾品,医薬品,有機化学品,時計・同部品,一般機械・原子炉・ボイラー等,光学機器・写真用機器・医療用機器,電気機器・録音機・テレビ等,プラスチック・同製品,鉱物燃料・エネルギー（原油・石炭等）,精油・香料・化粧品,真珠・貴金属・宝石・装飾品,医薬品,一般機械・原子炉・ボイラー等,自動車・同部品,電気機器・録音機・テレビ等,鉱物燃料・エネルギー（原油・石炭等）,光学機器・写真用機器・医療用機器,有機化学品,プラスチック・同製品,家具・寝具・照明器具・プレハブ建築,アメリカ,22.6%,ドイツ,11.0%,イギリス,8.9%,中国,6.7%,フランス,6.3%,スロベニア,5.6%,イタリア,5.4%,インド,2.9%,トルコ,2.3%,アラブ首長国連邦,2.2%,2025,UN Comtrade / IMF DOTS (2025年)
タイ,THA,電気機器・録音機・テレビ等,一般機械・原子炉・ボイラー等,自動車・同部品,ゴム・同製品,真珠・貴金属・宝石・装飾品,プラスチック・同製品,鉱物燃料・エネルギー（原油・石炭等）,肉・魚介類の調製品,果実・ナッツ,穀物,電気機器・録音機・テレビ等,鉱物燃料・エネルギー（原油・石炭等）,一般機械・原子炉・ボイラー等,真珠・貴金属・宝石・装飾品,鉄鋼,自動車・同部品,プラスチック・同製品,鉄鋼製品,光学機器・写真用機器・医療用機器,銅・同製品,アメリカ,21.6%,中国,11.8%,日本,7.0%,インド,4.9%,マレーシア,4.0%,ベトナム,3.8%,オーストラリア,3.7%,シンガポール,3.6%,香港,3.3%,インドネシア,2.8%,2024,UN Comtrade / IMF DOTS (2024年)
トーゴ,TGO,塩・硫黄・土石類・セメント,プラスチック・同製品,鉱物燃料・エネルギー（原油・石炭等）,ココア・ココア調製品,自動車・同部品,動物性・植物性油脂,食品工業廃棄物・飼料,綿・綿織物,精油・香料・化粧品,飲料・アルコール・酢,鉱物燃料・エネルギー（原油・石炭等）,自動車・同部品,一般機械・原子炉・ボイラー等,プラスチック・同製品,電気機器・録音機・テレビ等,医薬品,穀物,動物性・植物性油脂,肥料,家具・寝具・照明器具・プレハブ建築,インド,22.2%,Côte d'Ivoire,15.4%,Benin,11.9%,フランス,8.5%,ガーナ,8.3%,ベルギー,7.1%,オランダ,4.5%,Burkina Faso,3.7%,中国,2.4%,ニュージーランド,2.1%,2024,UN Comtrade / IMF DOTS (2024年)
トリニダード・トバゴ,TTO,鉱物燃料・エネルギー（原油・石炭等）,有機化学品,無機化学品・貴金属化合物,鉄鋼,肥料,船舶・浮体構造物,飲料・アルコール・酢,鉄鋼製品,穀物・粉製品・製菓,各種調製食料品,鉱物燃料・エネルギー（原油・石炭等）,一般機械・原子炉・ボイラー等,自動車・同部品,電気機器・録音機・テレビ等,鉱石・スラグ・灰,船舶・浮体構造物,鉄鋼製品,プラスチック・同製品,各種の卑金属製品,医薬品,アメリカ,34.2%,中国,10.3%,ブラジル,5.7%,Guyana,5.3%,ベルギー,4.2%,オランダ,3.6%,Jamaica,3.4%,フランス,2.8%,スイス,1.9%,ドイツ,1.9%,2024,UN Comtrade / IMF DOTS (2024年)
チュニジア,TUN,電気機器・録音機・テレビ等,衣類・衣類付属品（織物）,動物性・植物性油脂,鉱物燃料・エネルギー（原油・石炭等）,一般機械・原子炉・ボイラー等,光学機器・写真用機器・医療用機器,プラスチック・同製品,衣類・衣類付属品（編物）,自動車・同部品,履物・ゲートル同製品,鉱物燃料・エネルギー（原油・石炭等）,電気機器・録音機・テレビ等,一般機械・原子炉・ボイラー等,自動車・同部品,プラスチック・同製品,穀物,鉄鋼,医薬品,銅・同製品,綿・綿織物,フランス,25.2%,イタリア,19.0%,ドイツ,17.1%,スペイン,4.8%,Libya,4.3%,アルジェリア,2.9%,アメリカ,2.5%,オランダ,2.2%,ベルギー,2.1%,トルコ,1.6%,2024,UN Comtrade / IMF DOTS (2024年)
トルコ,TUR,自動車・同部品,一般機械・原子炉・ボイラー等,電気機器・録音機・テレビ等,鉱物燃料・エネルギー（原油・石炭等）,真珠・貴金属・宝石・装飾品,プラスチック・同製品,鉄鋼,衣類・衣類付属品（編物）,鉄鋼製品,衣類・衣類付属品（織物）,鉱物燃料・エネルギー（原油・石炭等）,一般機械・原子炉・ボイラー等,自動車・同部品,電気機器・録音機・テレビ等,真珠・貴金属・宝石・装飾品,鉄鋼,プラスチック・同製品,有機化学品,光学機器・写真用機器・医療用機器,銅・同製品,,,,,,,,,,,,,,,,,,,,,2025,UN Comtrade / IMF DOTS (2025年)
ウガンダ,UGA,真珠・貴金属・宝石・装飾品,コーヒー・茶・スパイス,ココア・ココア調製品,鉱物燃料・エネルギー（原油・石炭等）,鉄鋼,糖類・砂糖菓子,穀粉・でん粉・麦芽,魚介類・甲殻類,飲料・アルコール・酢,食用の野菜・根菜,真珠・貴金属・宝石・装飾品,鉱物燃料・エネルギー（原油・石炭等）,一般機械・原子炉・ボイラー等,自動車・同部品,プラスチック・同製品,電気機器・録音機・テレビ等,鉄鋼,穀物,動物性・植物性油脂,医薬品,アラブ首長国連邦,36.8%,香港,7.6%,"Congo, Democratic Republic of the",6.5%,イタリア,6.1%,Kenya,5.7%,"South Sudan, Republic of",5.2%,Rwanda,3.6%,ドイツ,3.1%,"Tanzania, United Republic of",2.7%,インド,2.3%,2024,UN Comtrade / IMF DOTS (2024年)
ウクライナ,UKR,穀物,動物性・植物性油脂,採油用種子・果実・藁,鉄鋼,鉱石・スラグ・灰,電気機器・録音機・テレビ等,食品工業廃棄物・飼料,木材・木製品・木炭,肉・食用屑,鉄鋼製品,鉱物燃料・エネルギー（原油・石炭等）,電気機器・録音機・テレビ等,自動車・同部品,一般機械・原子炉・ボイラー等,特殊取扱品（その他）,プラスチック・同製品,医薬品,光学機器・写真用機器・医療用機器,鉄鋼,航空機・宇宙船・同部品,ポーランド,13.1%,トルコ,7.0%,ドイツ,6.0%,イタリア,5.6%,オランダ,4.3%,中国,4.1%,"Egypt, Arab Republic of",3.9%,ルーマニア,3.6%,スペイン,3.4%,ハンガリー,3.1%,2024,UN Comtrade / IMF DOTS (2024年)
北マケドニア,MKD,各種化学工業生産品,電気機器・録音機・テレビ等,家具・寝具・照明器具・プレハブ建築,鉄鋼,一般機械・原子炉・ボイラー等,自動車・同部品,衣類・衣類付属品（織物）,鉱物燃料・エネルギー（原油・石炭等）,鉱石・スラグ・灰,鉄鋼製品,電気機器・録音機・テレビ等,鉱物燃料・エネルギー（原油・石炭等）,真珠・貴金属・宝石・装飾品,一般機械・原子炉・ボイラー等,自動車・同部品,鉄鋼,プラスチック・同製品,セラミック製品,医薬品,無機化学品・貴金属化合物,コソボ,21.1%,ブルガリア,13.7%,セルビア,10.4%,Albania,7.9%,ギリシャ,7.0%,ドイツ,4.3%,トルコ,3.6%,ルーマニア,3.4%,スペイン,3.1%,イタリア,2.8%,2024,UN Comtrade / IMF DOTS (2024年)
エジプト,EGY,真珠・貴金属・宝石・装飾品,鉱物燃料・エネルギー（原油・石炭等）,電気機器・録音機・テレビ等,果実・ナッツ,プラスチック・同製品,肥料,衣類・衣類付属品（織物）,食用の野菜・根菜,鉄鋼,塩・硫黄・土石類・セメント,鉱物燃料・エネルギー（原油・石炭等）,一般機械・原子炉・ボイラー等,穀物,電気機器・録音機・テレビ等,自動車・同部品,鉄鋼,プラスチック・同製品,医薬品,採油用種子・果実・藁,有機化学品,アラブ首長国連邦,11.4%,イタリア,7.4%,アメリカ,6.4%,トルコ,5.9%,サウジアラビア,5.8%,イギリス,4.5%,スイス,3.1%,Libya,3.1%,ロシア,2.8%,ドイツ,2.7%,2025,UN Comtrade / IMF DOTS (2025年)
イギリス,GBR,一般機械・原子炉・ボイラー等,真珠・貴金属・宝石・装飾品,自動車・同部品,鉱物燃料・エネルギー（原油・石炭等）,電気機器・録音機・テレビ等,医薬品,光学機器・写真用機器・医療用機器,特殊取扱品（その他）,航空機・宇宙船・同部品,プラスチック・同製品,真珠・貴金属・宝石・装飾品,一般機械・原子炉・ボイラー等,自動車・同部品,鉱物燃料・エネルギー（原油・石炭等）,電気機器・録音機・テレビ等,特殊取扱品（その他）,医薬品,光学機器・写真用機器・医療用機器,プラスチック・同製品,航空機・宇宙船・同部品,アメリカ,15.7%,ドイツ,8.9%,オランダ,7.2%,アイルランド,6.7%,フランス,6.4%,ベルギー,4.7%,中国,4.5%,香港,2.8%,スペイン,2.7%,ポーランド,2.5%,2025,UN Comtrade / IMF DOTS (2025年)
タンザニア,TZA,真珠・貴金属・宝石・装飾品,果実・ナッツ,たばこ・製造たばこ代用品,食用の野菜・根菜,コーヒー・茶・スパイス,採油用種子・果実・藁,穀物,鉱石・スラグ・灰,鉱物燃料・エネルギー（原油・石炭等）,魚介類・甲殻類,鉱物燃料・エネルギー（原油・石炭等）,自動車・同部品,一般機械・原子炉・ボイラー等,電気機器・録音機・テレビ等,プラスチック・同製品,鉄鋼,鉄鋼製品,糖類・砂糖菓子,穀物,各種化学工業生産品,インド,26.0%,アラブ首長国連邦,8.3%,中国,7.3%,Kenya,5.6%,ベルギー,5.1%,"Congo, Democratic Republic of the",5.1%,ベトナム,4.9%,Uganda,4.7%,スイス,4.2%,ザンビア,2.9%,2024,UN Comtrade / IMF DOTS (2024年)
アメリカ,USA,鉱物燃料・エネルギー（原油・石炭等）,一般機械・原子炉・ボイラー等,電気機器・録音機・テレビ等,航空機・宇宙船・同部品,自動車・同部品,真珠・貴金属・宝石・装飾品,光学機器・写真用機器・医療用機器,医薬品,プラスチック・同製品,特殊取扱品（その他）,一般機械・原子炉・ボイラー等,電気機器・録音機・テレビ等,自動車・同部品,鉱物燃料・エネルギー（原油・石炭等）,医薬品,特殊取扱品（その他）,光学機器・写真用機器・医療用機器,真珠・貴金属・宝石・装飾品,有機化学品,プラスチック・同製品,メキシコ,15.5%,カナダ,15.5%,中国,4.9%,イギリス,4.5%,オランダ,4.4%,ドイツ,3.8%,日本,3.8%,スイス,3.3%,韓国,3.2%,台湾,2.5%,2025,UN Comtrade / IMF DOTS (2025年)
ブルキナファソ,BFA,真珠・貴金属・宝石・装飾品,綿・綿織物,果実・ナッツ,採油用種子・果実・藁,塩・硫黄・土石類・セメント,鉱物燃料・エネルギー（原油・石炭等）,一般機械・原子炉・ボイラー等,動物性・植物性油脂,食用の野菜・根菜,自動車・同部品,鉱物燃料・エネルギー（原油・石炭等）,一般機械・原子炉・ボイラー等,電気機器・録音機・テレビ等,自動車・同部品,医薬品,穀物,鉄鋼製品,塩・硫黄・土石類・セメント,鉄鋼,プラスチック・同製品,アラブ首長国連邦,51.0%,スイス,35.9%,ガーナ,2.9%,トーゴ,2.6%,オランダ,1.1%,インド,1.0%,シンガポール,0.8%,Mali,0.8%,Côte d'Ivoire,0.7%,フランス,0.5%,2024,UN Comtrade / IMF DOTS (2024年)
ウルグアイ,URY,肉・食用屑,木材・木製品・木炭,採油用種子・果実・藁,穀物,酪農品・鳥卵・蜂蜜,自動車・同部品,プラスチック・同製品,動物（生体）,穀粉・でん粉・麦芽,動物性・植物性油脂,鉱物燃料・エネルギー（原油・石炭等）,自動車・同部品,一般機械・原子炉・ボイラー等,電気機器・録音機・テレビ等,プラスチック・同製品,医薬品,肥料,各種化学工業生産品,肉・食用屑,家具・寝具・照明器具・プレハブ建築,中国,26.0%,ブラジル,16.5%,アメリカ,10.4%,トルコ,5.3%,アルゼンチン,4.9%,イスラエル,3.2%,オランダ,2.9%,アルジェリア,2.8%,スペイン,2.2%,メキシコ,2.1%,2024,UN Comtrade / IMF DOTS (2024年)
ウズベキスタン,UZB,真珠・貴金属・宝石・装飾品,綿・綿織物,鉱物燃料・エネルギー（原油・石炭等）,銅・同製品,特殊取扱品（その他）,果実・ナッツ,衣類・衣類付属品（編物）,食用の野菜・根菜,一般機械・原子炉・ボイラー等,自動車・同部品,一般機械・原子炉・ボイラー等,鉱物燃料・エネルギー（原油・石炭等）,電気機器・録音機・テレビ等,自動車・同部品,鉄鋼,医薬品,プラスチック・同製品,鉄鋼製品,木材・木製品・木炭,穀物,ロシア,27.0%,"Kazakhstan, Republic of",9.7%,"Afghanistan, Islamic Republic of",9.3%,トルコ,8.4%,中国,8.1%,フランス,7.3%,アラブ首長国連邦,4.0%,Kyrgyz Republic,4.0%,"Tajikistan, Republic of",3.1%,パキスタン,2.8%,2024,UN Comtrade / IMF DOTS (2024年)
サモア,WSM,鉱物燃料・エネルギー（原油・石炭等）,電気機器・録音機・テレビ等,動物性・植物性油脂,光学機器・写真用機器・医療用機器,食用の野菜・根菜,魚介類・甲殻類,飲料・アルコール・酢,野菜・果実等の調製品,酪農品・鳥卵・蜂蜜,鉄鋼,鉱物燃料・エネルギー（原油・石炭等）,肉・食用屑,自動車・同部品,電気機器・録音機・テレビ等,一般機械・原子炉・ボイラー等,酪農品・鳥卵・蜂蜜,穀物・粉製品・製菓,木材・木製品・木炭,プラスチック・同製品,鉄鋼製品,シンガポール,42.8%,アメリカ,27.1%,ニュージーランド,16.6%,オーストラリア,10.4%,"Fiji, Republic of",1.8%,American Samoa,1.3%,Tonga,0.1%,New Caledonia,0.0%,イギリス,0.0%,日本,0.0%,2024,UN Comtrade / IMF DOTS (2024年)
イエメン,YEM,魚介類・甲殻類,真珠・貴金属・宝石・装飾品,果実・ナッツ,食用の野菜・根菜,コーヒー・茶・スパイス,酪農品・鳥卵・蜂蜜,食品工業廃棄物・飼料,自動車・同部品,肉・魚介類の調製品,動物性・植物性油脂,穀物,鉱物燃料・エネルギー（原油・石炭等）,自動車・同部品,プラスチック・同製品,糖類・砂糖菓子,医薬品,肉・食用屑,酪農品・鳥卵・蜂蜜,穀物・粉製品・製菓,一般機械・原子炉・ボイラー等,Malawi,63.6%,トルコ,12.7%,"Egypt, Arab Republic of",11.2%,Côte d'Ivoire,4.4%,オマーン,3.0%,"Mozambique, Republic of",2.1%,イギリス,0.7%,インドネシア,0.6%,Luxembourg,0.4%,ナイジェリア,0.3%,2024,UN Comtrade / IMF DOTS (2024年)
ザンビア,ZMB,銅・同製品,鉱石・スラグ・灰,塩・硫黄・土石類・セメント,鉱物燃料・エネルギー（原油・石炭等）,真珠・貴金属・宝石・装飾品,たばこ・製造たばこ代用品,鉄鋼,無機化学品・貴金属化合物,飲料・アルコール・酢,食品工業廃棄物・飼料,鉱物燃料・エネルギー（原油・石炭等）,一般機械・原子炉・ボイラー等,自動車・同部品,肥料,プラスチック・同製品,電気機器・録音機・テレビ等,各種化学工業生産品,医薬品,鉄鋼製品,鉄鋼,スイス,43.4%,中国,22.0%,"Congo, Democratic Republic of the",11.3%,カナダ,5.3%,アラブ首長国連邦,3.9%,Zimbabwe,3.4%,"Tanzania, United Republic of",1.8%,Namibia,1.3%,インド,1.3%,Malawi,1.3%,2024,UN Comtrade / IMF DOTS (2024年)
ブータン,BTN,鉄鋼,塩・硫黄・土石類・セメント,飲料・アルコール・酢,光学機器・写真用機器・医療用機器,木材・木製品・木炭,無機化学品・貴金属化合物,すず・同製品,ガラス・同製品,野菜・果実等の調製品,各種調製食料品,一般機械・原子炉・ボイラー等,鉱物燃料・エネルギー（原油・石炭等）,電気機器・録音機・テレビ等,自動車・同部品,鉄鋼,鉄鋼製品,木材・木製品・木炭,穀物,プラスチック・同製品,動物性・植物性油脂,インド,91.1%,バングラデシュ,7.9%,Nepal,0.3%,オランダ,0.2%,韓国,0.1%,イタリア,0.1%,アメリカ,0.1%,ベトナム,0.0%,ナイジェリア,0.0%,日本,0.0%,2025,UN Comtrade / IMF DOTS (2025年)
フェロー諸島,FRO,魚介類・甲殻類,食品工業廃棄物・飼料,鉱物燃料・エネルギー（原油・石炭等）,動物性生産品（他非分類）,船舶・浮体構造物,自動車・同部品,ウォッディング・フェルト・不織布・紐,一般機械・原子炉・ボイラー等,電気機器・録音機・テレビ等,鉄鋼製品,鉱物燃料・エネルギー（原油・石炭等）,一般機械・原子炉・ボイラー等,食品工業廃棄物・飼料,船舶・浮体構造物,魚介類・甲殻類,自動車・同部品,電気機器・録音機・テレビ等,動物性・植物性油脂,鉄鋼製品,プラスチック・同製品,,,,,,,,,,,,,,,,,,,,,2025,UN Comtrade / IMF DOTS (2025年)
アンドラ,AND,自動車・同部品,電気機器・録音機・テレビ等,美術品・収集品・骨とう,光学機器・写真用機器・医療用機器,時計・同部品,紙・板紙・製品,一般機械・原子炉・ボイラー等,真珠・貴金属・宝石・装飾品,衣類・衣類付属品（織物）,履物・ゲートル同製品,自動車・同部品,鉱物燃料・エネルギー（原油・石炭等）,電気機器・録音機・テレビ等,精油・香料・化粧品,飲料・アルコール・酢,一般機械・原子炉・ボイラー等,衣類・衣類付属品（織物）,衣類・衣類付属品（編物）,家具・寝具・照明器具・プレハブ建築,医薬品,,,,,,,,,,,,,,,,,,,,,2023,UN Comtrade / IMF DOTS (2023年)
アラブ首長国連邦,ARE,鉱物燃料・エネルギー（原油・石炭等）,真珠・貴金属・宝石・装飾品,電気機器・録音機・テレビ等,一般機械・原子炉・ボイラー等,特殊取扱品（その他）,自動車・同部品,アルミニウム・同製品,プラスチック・同製品,たばこ・製造たばこ代用品,精油・香料・化粧品,真珠・貴金属・宝石・装飾品,特殊取扱品（その他）,電気機器・録音機・テレビ等,一般機械・原子炉・ボイラー等,自動車・同部品,鉱物燃料・エネルギー（原油・石炭等）,プラスチック・同製品,鉄鋼,医薬品,鉄鋼製品,インド,16.0%,スイス,10.9%,中国,8.6%,日本,8.1%,香港,7.9%,タイ,4.4%,シンガポール,3.8%,サウジアラビア,3.6%,イラン,3.5%,韓国,3.5%,2023,UN Comtrade / IMF DOTS (2023年)
ブルンジ,BDI,真珠・貴金属・宝石・装飾品,コーヒー・茶・スパイス,飲料・アルコール・酢,たばこ・製造たばこ代用品,穀粉・でん粉・麦芽,鉄鋼,ガラス・同製品,石けん・有機界面活性剤・ワックス,鉱物燃料・エネルギー（原油・石炭等）,鉱石・スラグ・灰,鉱物燃料・エネルギー（原油・石炭等）,肥料,自動車・同部品,一般機械・原子炉・ボイラー等,電気機器・録音機・テレビ等,鉄鋼,穀物,医薬品,塩・硫黄・土石類・セメント,プラスチック・同製品,"Tanzania, United Republic of",21.3%,スイス,16.5%,中国,14.9%,オマーン,11.2%,Rwanda,7.1%,Kenya,5.4%,パキスタン,4.6%,ドイツ,4.0%,"Congo, Democratic Republic of the",3.7%,イタリア,3.1%,2023,UN Comtrade / IMF DOTS (2023年)
バングラデシュ,BGD,衣類・衣類付属品（織物）,衣類・衣類付属品（編物）,他の紡織用繊維 of products (セット・古衣類),履物・ゲートル同製品,他の植物性紡織用繊維・紙糸,魚介類・甲殻類,鉱物燃料・エネルギー（原油・石炭等）,革製品・旅行用具・ハンドバッグ,一般機械・原子炉・ボイラー等,穀物・粉製品・製菓,綿・綿織物,一般機械・原子炉・ボイラー等,鉱物燃料・エネルギー（原油・石炭等）,電気機器・録音機・テレビ等,鉄鋼,動物性・植物性油脂,プラスチック・同製品,人造繊維の短繊維,人造繊維の長繊維,穀物,アメリカ,16.5%,イギリス,12.2%,ドイツ,11.6%,スペイン,7.8%,フランス,5.4%,オランダ,5.2%,ポーランド,4.7%,イタリア,3.5%,インド,3.2%,スウェーデン,2.9%,2018,UN Comtrade / IMF DOTS (2018年)
ベラルーシ,BLR,特殊取扱品（その他）,酪農品・鳥卵・蜂蜜,木材・木製品・木炭,一般機械・原子炉・ボイラー等,電気機器・録音機・テレビ等,鉄鋼,鉄鋼製品,家具・寝具・照明器具・プレハブ建築,プラスチック・同製品,肉・食用屑,特殊取扱品（その他）,一般機械・原子炉・ボイラー等,電気機器・録音機・テレビ等,鉄鋼,自動車・同部品,プラスチック・同製品,鉄鋼製品,医薬品,光学機器・写真用機器・医療用機器,紙・板紙・製品,ロシア,61.5%,中国,18.7%,アラブ首長国連邦,5.1%,"Kazakhstan, Republic of",2.8%,ポーランド,1.5%,"Uzbekistan, Republic of",1.1%,ウクライナ,1.0%,"Azerbaijan, Republic of",0.8%,イスラエル,0.5%,タイ,0.5%,2021,UN Comtrade / IMF DOTS (2021年)
ボツワナ,BWA,真珠・貴金属・宝石・装飾品,鉱石・スラグ・灰,電気機器・録音機・テレビ等,無機化学品・貴金属化合物,動物（生体）,一般機械・原子炉・ボイラー等,鉱物燃料・エネルギー（原油・石炭等）,プラスチック・同製品,自動車・同部品,塩・硫黄・土石類・セメント,鉱物燃料・エネルギー（原油・石炭等）,真珠・貴金属・宝石・装飾品,一般機械・原子炉・ボイラー等,自動車・同部品,電気機器・録音機・テレビ等,飲料・アルコール・酢,穀物,プラスチック・同製品,医薬品,鉄鋼製品,アラブ首長国連邦,39.9%,インド,13.2%,中国,12.8%,オーストラリア,11.2%,ベルギー,4.6%,Zimbabwe,4.2%,イスラエル,3.5%,Namibia,3.4%,スイス,1.3%,ザンビア,1.3%,2023,UN Comtrade / IMF DOTS (2023年)
カメルーン,CMR,鉱物燃料・エネルギー（原油・石炭等）,ココア・ココア調製品,木材・木製品・木炭,綿・綿織物,アルミニウム・同製品,石けん・有機界面活性剤・ワックス,各種調製食料品,果実・ナッツ,ゴム・同製品,コーヒー・茶・スパイス,鉱物燃料・エネルギー（原油・石炭等）,一般機械・原子炉・ボイラー等,穀物,自動車・同部品,電気機器・録音機・テレビ等,鉄鋼,魚介類・甲殻類,医薬品,プラスチック・同製品,塩・硫黄・土石類・セメント,オランダ,32.7%,フランス,9.6%,Chad,5.6%,ドイツ,5.3%,イタリア,5.2%,中国,4.9%,トルコ,4.4%,ベルギー,3.9%,インド,3.9%,バングラデシュ,3.7%,2023,UN Comtrade / IMF DOTS (2023年)
コンゴ民主共和国,COD,銅・同製品,無機化学品・貴金属化合物,鉱石・スラグ・灰,真珠・貴金属・宝石・装飾品,鉱物燃料・エネルギー（原油・石炭等）,ココア・ココア調製品,他の卑金属・サーメット,木材・木製品・木炭,亜鉛・同製品,コーヒー・茶・スパイス,鉱物燃料・エネルギー（原油・石炭等）,一般機械・原子炉・ボイラー等,塩・硫黄・土石類・セメント,鉄鋼製品,電気機器・録音機・テレビ等,自動車・同部品,プラスチック・同製品,無機化学品・貴金属化合物,鉄鋼,他の紡織用繊維 of products (セット・古衣類),中国,58.4%,"Mozambique, Republic of",12.4%,"Tanzania, United Republic of",9.4%,アラブ首長国連邦,8.1%,スイス,4.6%,ベトナム,3.1%,ザンビア,0.7%,ベルギー,0.6%,"Congo, Republic of",0.5%,インド,0.4%,2023,UN Comtrade / IMF DOTS (2023年)
コンゴ共和国,COG,鉱物燃料・エネルギー（原油・石炭等）,船舶・浮体構造物,木材・木製品・木炭,銅・同製品,塩・硫黄・土石類・セメント,一般機械・原子炉・ボイラー等,亜鉛・同製品,光学機器・写真用機器・医療用機器,電気機器・録音機・テレビ等,航空機・宇宙船・同部品,船舶・浮体構造物,一般機械・原子炉・ボイラー等,鉄鋼製品,肉・食用屑,電気機器・録音機・テレビ等,鉱物燃料・エネルギー（原油・石炭等）,各種化学工業生産品,自動車・同部品,魚介類・甲殻類,動物性・植物性油脂,中国,43.6%,インド,18.4%,オランダ,8.0%,カナダ,3.4%,フランス,3.0%,ナイジェリア,3.0%,スイス,2.9%,"Congo, Democratic Republic of the",2.4%,シンガポール,1.9%,マレーシア,1.7%,2023,UN Comtrade / IMF DOTS (2023年)
コモロ,COM,コーヒー・茶・スパイス,精油・香料・化粧品,鉄鋼,動物性・植物性油脂,電気機器・録音機・テレビ等,船舶・浮体構造物,鉄鋼製品,自動車・同部品,各種調製食料品,一般機械・原子炉・ボイラー等,穀物,鉱物燃料・エネルギー（原油・石炭等）,自動車・同部品,肉・食用屑,塩・硫黄・土石類・セメント,鉄鋼,穀粉・でん粉・麦芽,電気機器・録音機・テレビ等,酪農品・鳥卵・蜂蜜,一般機械・原子炉・ボイラー等,インドネシア,34.0%,ベトナム,11.2%,インド,8.2%,アラブ首長国連邦,4.7%,フランス,4.7%,Senegal,3.8%,アメリカ,3.5%,シンガポール,3.1%,イギリス,2.8%,メキシコ,2.6%,2023,UN Comtrade / IMF DOTS (2023年)
キューバ,CUB,ニッケル・同製品,飲料・アルコール・酢,たばこ・製造たばこ代用品,鉱物燃料・エネルギー（原油・石炭等）,亜鉛・同製品,医薬品,糖類・砂糖菓子,魚介類・甲殻類,鉛・同製品,木材・木製品・木炭,鉱物燃料・エネルギー（原油・石炭等）,一般機械・原子炉・ボイラー等,穀物,肉・食用屑,電気機器・録音機・テレビ等,プラスチック・同製品,自動車・同部品,飲料・アルコール・酢,酪農品・鳥卵・蜂蜜,動物性・植物性油脂,スペイン,23.5%,中国,14.9%,Bermuda,6.5%,イラン,6.1%,香港,6.1%,"Venezuela, República Bolivariana de",5.6%,ベトナム,3.6%,Gibraltar,3.5%,ドイツ,3.1%,Cyprus,2.3%,2022,UN Comtrade / IMF DOTS (2022年)
ジブチ,DJI,動物性・植物性油脂,自動車・同部品,鉄鋼,糖類・砂糖菓子,プラスチック・同製品,穀物,電気機器・録音機・テレビ等,一般機械・原子炉・ボイラー等,無機化学品・貴金属化合物,食用の野菜・根菜,動物性・植物性油脂,自動車・同部品,鉄鋼,糖類・砂糖菓子,鉱物燃料・エネルギー（原油・石炭等）,穀物,プラスチック・同製品,一般機械・原子炉・ボイラー等,電気機器・録音機・テレビ等,書籍・新聞・絵画・印刷物,"Ethiopia, The Federal Democratic Republic of",85.9%,フランス,4.0%,アラブ首長国連邦,2.8%,アメリカ,1.5%,Somalia,1.1%,イエメン,1.0%,ナイジェリア,0.9%,中国,0.4%,オマーン,0.3%,カナダ,0.3%,2023,UN Comtrade / IMF DOTS (2023年)
ドミニカ国,DMA,一般機械・原子炉・ボイラー等,果実・ナッツ,食用の野菜・根菜,石けん・有機界面活性剤・ワックス,なめし・染色エキス・塗料・インキ,コーヒー・茶・スパイス,電気機器・録音機・テレビ等,自動車・同部品,プラスチック・同製品,鉄鋼製品,鉱物燃料・エネルギー（原油・石炭等）,一般機械・原子炉・ボイラー等,電気機器・録音機・テレビ等,飲料・アルコール・酢,自動車・同部品,肉・食用屑,木材・木製品・木炭,プラスチック・同製品,鉄鋼製品,各種調製食料品,Mauritius,61.8%,Antigua and Barbuda,10.4%,Iceland,5.8%,St. Lucia,4.1%,St. Kitts and Nevis,2.4%,フランス,2.1%,アメリカ,2.0%,Barbados,1.2%,クロアチア,1.1%,"Anguilla, United Kingdom-British Overseas Territory",1.0%,2023,UN Comtrade / IMF DOTS (2023年)
エリトリア,ERI,鉱石・スラグ・灰,衣類・衣類付属品（織物）,医薬品,飲料・アルコール・酢,一般機械・原子炉・ボイラー等,電気機器・録音機・テレビ等,光学機器・写真用機器・医療用機器,動物（生体）,プラスチック・同製品,特殊取扱品（その他）,穀粉・でん粉・麦芽,一般機械・原子炉・ボイラー等,動物性・植物性油脂,食用の野菜・根菜,電気機器・録音機・テレビ等,鉄鋼,無機化学品・貴金属化合物,鉄鋼製品,自動車・同部品,ゴム・同製品,中国,95.6%,韓国,1.2%,クロアチア,0.7%,イタリア,0.4%,イギリス,0.4%,アラブ首長国連邦,0.3%,Guyana,0.2%,オランダ,0.2%,Sudan,0.1%,シンガポール,0.1%,2024,UN Comtrade / IMF DOTS (2024年)
エチオピア,ETH,コーヒー・茶・スパイス,食用の野菜・根菜,採油用種子・果実・藁,生花・盆栽・苗木,肉・食用屑,衣類・衣類付属品（編物）,一般機械・原子炉・ボイラー等,衣類・衣類付属品（織物）,穀物・粉製品・製菓,原料皮・革,鉱物燃料・エネルギー（原油・石炭等）,一般機械・原子炉・ボイラー等,電気機器・録音機・テレビ等,自動車・同部品,肥料,プラスチック・同製品,動物性・植物性油脂,医薬品,鉄鋼,穀物,アメリカ,10.3%,サウジアラビア,9.0%,ドイツ,7.7%,インド,7.3%,Kenya,6.3%,アラブ首長国連邦,5.6%,Somalia,4.9%,オランダ,4.7%,中国,4.1%,ベルギー,3.7%,2023,UN Comtrade / IMF DOTS (2023年)
ミクロネシア連邦,FSM,魚介類・甲殻類,果実・ナッツ,採油用種子・果実・藁,各種調製食料品,木材・木製品・木炭,生花・盆栽・苗木,各種の卑金属製品,食用の野菜・根菜,肉・食用屑,塩・硫黄・土石類・セメント,鉱物燃料・エネルギー（原油・石炭等）,電気機器・録音機・テレビ等,穀物,肉・食用屑,自動車・同部品,肉・魚介類の調製品,一般機械・原子炉・ボイラー等,特殊取扱品（その他）,穀物・粉製品・製菓,飲料・アルコール・酢,タイ,61.0%,中国,13.5%,フィリピン,9.2%,Mauritius,5.6%,Guam,3.3%,Ecuador,2.0%,"Marshall Islands, Republic of the",1.8%,日本,1.4%,アメリカ,0.7%,韓国,0.4%,2013,UN Comtrade / IMF DOTS (2013年)
ガボン,GAB,鉱物燃料・エネルギー（原油・石炭等）,鉱石・スラグ・灰,船舶・浮体構造物,木材・木製品・木炭,動物性・植物性油脂,一般機械・原子炉・ボイラー等,鉄鋼製品,電気機器・録音機・テレビ等,鉄鋼,航空機・宇宙船・同部品,船舶・浮体構造物,一般機械・原子炉・ボイラー等,鉱物燃料・エネルギー（原油・石炭等）,鉄鋼製品,自動車・同部品,電気機器・録音機・テレビ等,肉・食用屑,穀物,鉄道車両・軌道部品・交通信号機,医薬品,中国,28.8%,マレーシア,11.3%,インド,8.1%,インドネシア,8.0%,アメリカ,7.8%,"Congo, Republic of",5.3%,フランス,3.5%,スイス,3.0%,ブラジル,2.4%,スペイン,2.3%,2023,UN Comtrade / IMF DOTS (2023年)
ガーナ,GHA,真珠・貴金属・宝石・装飾品,鉱物燃料・エネルギー（原油・石炭等）,ココア・ココア調製品,鉱石・スラグ・灰,果実・ナッツ,鉄鋼,動物性・植物性油脂,プラスチック・同製品,肉・魚介類の調製品,アルミニウム・同製品,鉱物燃料・エネルギー（原油・石炭等）,一般機械・原子炉・ボイラー等,自動車・同部品,プラスチック・同製品,電気機器・録音機・テレビ等,鉄鋼,各種化学工業生産品,塩・硫黄・土石類・セメント,鉄鋼製品,穀粉・でん粉・麦芽,スイス,24.4%,アラブ首長国連邦,21.8%,オランダ,7.3%,インド,6.3%,中国,5.0%,ブラジル,4.8%,カナダ,3.6%,フランス,3.6%,アメリカ,3.0%,Burkina Faso,2.3%,2023,UN Comtrade / IMF DOTS (2023年)
ギニア,GIN,真珠・貴金属・宝石・装飾品,鉱石・スラグ・灰,プラスチック・同製品,魚介類・甲殻類,果実・ナッツ,ゴム・同製品,コーヒー・茶・スパイス,鉱物燃料・エネルギー（原油・石炭等）,ココア・ココア調製品,一般機械・原子炉・ボイラー等,一般機械・原子炉・ボイラー等,鉱物燃料・エネルギー（原油・石炭等）,自動車・同部品,果実・ナッツ,穀物,医薬品,電気機器・録音機・テレビ等,船舶・浮体構造物,鉄鋼製品,鉄鋼,中国,33.1%,ガーナ,18.9%,インド,16.1%,マレーシア,13.1%,アラブ首長国連邦,4.4%,イタリア,2.5%,アイルランド,2.0%,ドイツ,1.8%,オランダ,1.8%,スペイン,1.4%,2016,UN Comtrade / IMF DOTS (2016年)
ギニアビサウ,GNB,果実・ナッツ,木材・木製品・木炭,,,,,,,,,穀物,鉱物燃料・エネルギー（原油・石炭等）,飲料・アルコール・酢,電気機器・録音機・テレビ等,自動車・同部品,塩・硫黄・土石類・セメント,穀粉・でん粉・麦芽,一般機械・原子炉・ボイラー等,鉄鋼,酪農品・鳥卵・蜂蜜,シンガポール,45.2%,インド,33.7%,中国,11.0%,ベトナム,3.3%,日本,1.4%,Côte d'Ivoire,0.9%,ナイジェリア,0.8%,アラブ首長国連邦,0.8%,マレーシア,0.7%,トルコ,0.3%,2018,UN Comtrade / IMF DOTS (2018年)
赤道ギニア,GNQ,鉱物燃料・エネルギー（原油・石炭等）,有機化学品,木材・木製品・木炭,ココア・ココア調製品,アルミニウム・同製品,銅・同製品,鉄鋼,一般機械・原子炉・ボイラー等,雑品,自動車・同部品,飲料・アルコール・酢,一般機械・原子炉・ボイラー等,電気機器・録音機・テレビ等,肉・食用屑,鉄鋼製品,プラスチック・同製品,穀物・粉製品・製菓,自動車・同部品,穀粉・でん粉・麦芽,野菜・果実等の調製品,中国,21.2%,スペイン,15.5%,韓国,9.0%,インド,8.5%,オランダ,6.8%,インドネシア,5.7%,イタリア,5.6%,台湾,4.4%,日本,3.3%,アメリカ,2.6%,2024,UN Comtrade / IMF DOTS (2024年)
ハイチ,HTI,精油・香料・化粧品,衣類・衣類付属品（織物）,衣類・衣類付属品（編物）,鉄鋼,魚介類・甲殻類,電気機器・録音機・テレビ等,果実・ナッツ,航空機・宇宙船・同部品,一般機械・原子炉・ボイラー等,ココア・ココア調製品,鉱物燃料・エネルギー（原油・石炭等）,穀物,医薬品,自動車・同部品,電気機器・録音機・テレビ等,鉄鋼,一般機械・原子炉・ボイラー等,動物性・植物性油脂,糖類・砂糖菓子,塩・硫黄・土石類・セメント,アメリカ,72.2%,メキシコ,4.7%,カナダ,4.0%,フランス,3.3%,インド,1.8%,マレーシア,1.5%,スペイン,1.2%,タイ,1.2%,中国,0.9%,シンガポール,0.9%,2017,UN Comtrade / IMF DOTS (2017年)
イラン,IRN,鉱物燃料・エネルギー（原油・石炭等）,鉄鋼,プラスチック・同製品,有機化学品,肥料,銅・同製品,果実・ナッツ,アルミニウム・同製品,鉱石・スラグ・灰,塩・硫黄・土石類・セメント,穀物,一般機械・原子炉・ボイラー等,電気機器・録音機・テレビ等,特殊取扱品（その他）,自動車・同部品,動物性・植物性油脂,有機化学品,採油用種子・果実・藁,医薬品,プラスチック・同製品,中国,20.4%,トルコ,16.7%,"Uzbekistan, Republic of",8.4%,"Afghanistan, Islamic Republic of",6.2%,パキスタン,5.8%,"Armenia, Republic of",4.6%,"Azerbaijan, Republic of",4.5%,アラブ首長国連邦,4.0%,インド,3.3%,ロシア,3.1%,2022,UN Comtrade / IMF DOTS (2022年)
イラク,IRQ,鉱物燃料・エネルギー（原油・石炭等）,原料皮・革,動物性生産品（他非分類）,糖類・砂糖菓子,動物（生体）,羊毛・粗毛・馬毛糸・織物,書籍・新聞・絵画・印刷物,無機化学品・貴金属化合物,果実・ナッツ,プラスチック・同製品,,,,,,,,,,,中国,31.7%,インド,25.1%,韓国,8.5%,アラブ首長国連邦,6.7%,アメリカ,5.9%,ギリシャ,4.1%,シンガポール,3.1%,オランダ,3.0%,トルコ,1.8%,フランス,1.7%,2016,UN Comtrade / IMF DOTS (2016年)
キリバス,KIR,動物性・植物性油脂,魚介類・甲殻類,採油用種子・果実・藁,写真用または映画用の材料,医薬品,鉛・同製品,アルミニウム・同製品,一般機械・原子炉・ボイラー等,光学機器・写真用機器・医療用機器,鉄鋼製品,鉱物燃料・エネルギー（原油・石炭等）,採油用種子・果実・藁,電気機器・録音機・テレビ等,自動車・同部品,一般機械・原子炉・ボイラー等,肉・魚介類の調製品,穀物・粉製品・製菓,糖類・砂糖菓子,たばこ・製造たばこ代用品,穀物,日本,43.5%,New Caledonia,17.5%,アメリカ,13.2%,"Fiji, Republic of",6.0%,ベトナム,3.2%,"Nauru, Republic of",3.0%,Belize,2.8%,インドネシア,2.5%,マレーシア,1.9%,ニュージーランド,1.9%,2021,UN Comtrade / IMF DOTS (2021年)
セントクリストファー・ネービス,KNA,電気機器・録音機・テレビ等,書籍・新聞・絵画・印刷物,飲料・アルコール・酢,真珠・貴金属・宝石・装飾品,アルミニウム・同製品,一般機械・原子炉・ボイラー等,野菜・果実等の調製品,鉄鋼製品,雑品,他の紡織用繊維 of products (セット・古衣類),電気機器・録音機・テレビ等,一般機械・原子炉・ボイラー等,自動車・同部品,家具・寝具・照明器具・プレハブ建築,真珠・貴金属・宝石・装飾品,肉・食用屑,プラスチック・同製品,飲料・アルコール・酢,木材・木製品・木炭,鉄鋼製品,,,,,,,,,,,,,,,,,,,,,2017,UN Comtrade / IMF DOTS (2017年)
ラオス,LAO,鉱石・スラグ・灰,真珠・貴金属・宝石・装飾品,紙・板紙・製品,肥料,食用の野菜・根菜,ゴム・同製品,木材パルプ・回収紙,糖類・砂糖菓子,果実・ナッツ,塩・硫黄・土石類・セメント,鉱物燃料・エネルギー（原油・石炭等）,一般機械・原子炉・ボイラー等,自動車・同部品,電気機器・録音機・テレビ等,鉄鋼製品,飲料・アルコール・酢,プラスチック・同製品,鉄鋼,木材パルプ・回収紙,糖類・砂糖菓子,中国,39.9%,ベトナム,24.6%,タイ,21.7%,オーストラリア,5.1%,インド,2.7%,ドイツ,1.4%,日本,0.8%,アメリカ,0.7%,シンガポール,0.4%,デンマーク,0.4%,2023,UN Comtrade / IMF DOTS (2023年)
リベリア,LBR,ゴム・同製品,動物性・植物性油脂,一般機械・原子炉・ボイラー等,ココア・ココア調製品,鉱物燃料・エネルギー（原油・石炭等）,石けん・有機界面活性剤・ワックス,鉄鋼製品,木材・木製品・木炭,玩具・遊戯具・運動用具・同部品,自動車・同部品,鉱物燃料・エネルギー（原油・石炭等）,穀物,自動車・同部品,一般機械・原子炉・ボイラー等,電気機器・録音機・テレビ等,鉄鋼製品,プラスチック・同製品,肉・食用屑,動物性・植物性油脂,塩・硫黄・土石類・セメント,アメリカ,28.3%,ポーランド,15.3%,ベルギー,10.6%,ガーナ,8.2%,Cameroon,6.1%,シンガポール,5.6%,マレーシア,5.0%,アラブ首長国連邦,4.5%,モロッコ,1.5%,Côte d'Ivoire,1.5%,2023,UN Comtrade / IMF DOTS (2023年)
リビア,LBY,鉱物燃料・エネルギー（原油・石炭等）,真珠・貴金属・宝石・装飾品,鉄鋼,銅・同製品,有機化学品,アルミニウム・同製品,魚介類・甲殻類,塩・硫黄・土石類・セメント,電気機器・録音機・テレビ等,特殊取扱品（その他）,鉱物燃料・エネルギー（原油・石炭等）,電気機器・録音機・テレビ等,自動車・同部品,一般機械・原子炉・ボイラー等,穀物,たばこ・製造たばこ代用品,プラスチック・同製品,家具・寝具・照明器具・プレハブ建築,医薬品,衣類・衣類付属品（編物）,イタリア,21.6%,ドイツ,18.8%,スペイン,8.7%,イギリス,8.3%,フランス,7.8%,ギリシャ,6.5%,オランダ,4.6%,タイ,3.3%,Guatemala,3.2%,インド,3.0%,2019,UN Comtrade / IMF DOTS (2019年)
セントルシア,LCA,飲料・アルコール・酢,果実・ナッツ,電気機器・録音機・テレビ等,真珠・貴金属・宝石・装飾品,紙・板紙・製品,なめし・染色エキス・塗料・インキ,塩・硫黄・土石類・セメント,時計・同部品,鉱物燃料・エネルギー（原油・石炭等）,船舶・浮体構造物,鉱物燃料・エネルギー（原油・石炭等）,一般機械・原子炉・ボイラー等,自動車・同部品,電気機器・録音機・テレビ等,肉・食用屑,プラスチック・同製品,飲料・アルコール・酢,酪農品・鳥卵・蜂蜜,家具・寝具・照明器具・プレハブ建築,穀物・粉製品・製菓,,,,,,,,,,,,,,,,,,,,,2020,UN Comtrade / IMF DOTS (2020年)
リヒテンシュタイン,LIE,特殊取扱品（その他）,,,,,,,,,,特殊取扱品（その他）,,,,,,,,,,,,,,,,,,,,,,,,,,,,,,2024,UN Comtrade / IMF DOTS (2024年)
モナコ,MCO,特殊取扱品（その他）,,,,,,,,,,特殊取扱品（その他）,,,,,,,,,,,,,,,,,,,,,,,,,,,,,,2024,UN Comtrade / IMF DOTS (2024年)
マーシャル諸島,MHL,船舶・浮体構造物,魚介類・甲殻類,一般機械・原子炉・ボイラー等,特殊取扱品（その他）,鉄鋼,メリヤス編物・クロセ編物,木材・木製品・木炭,動物性・植物性油脂,鉄道車両・軌道部品・交通信号機,家具・寝具・照明器具・プレハブ建築,船舶・浮体構造物,特殊取扱品（その他）,鉱物燃料・エネルギー（原油・石炭等）,一般機械・原子炉・ボイラー等,鉄鋼製品,電気機器・録音機・テレビ等,鉄道車両・軌道部品・交通信号機,なめし・染色エキス・塗料・インキ,光学機器・写真用機器・医療用機器,肉・食用屑,フィリピン,28.1%,ガーナ,25.8%,Cyprus,5.8%,韓国,5.7%,ドイツ,5.4%,デンマーク,5.0%,インドネシア,3.7%,パキスタン,2.9%,"Tanzania, United Republic of",1.9%,日本,1.6%,2024,UN Comtrade / IMF DOTS (2024年)
マリ,MLI,真珠・貴金属・宝石・装飾品,綿・綿織物,動物（生体）,鉱物燃料・エネルギー（原油・石炭等）,肥料,一般機械・原子炉・ボイラー等,自動車・同部品,採油用種子・果実・藁,鉄鋼,果実・ナッツ,鉱物燃料・エネルギー（原油・石炭等）,一般機械・原子炉・ボイラー等,電気機器・録音機・テレビ等,穀物,塩・硫黄・土石類・セメント,自動車・同部品,肥料,医薬品,プラスチック・同製品,鉄鋼,Côte d'Ivoire,21.6%,マレーシア,15.2%,オーストラリア,14.6%,インド,13.9%,バングラデシュ,6.4%,Burkina Faso,3.3%,スイス,3.1%,中国,2.8%,Guinea,2.4%,フランス,2.1%,2023,UN Comtrade / IMF DOTS (2023年)
モンゴル,MNG,鉱物燃料・エネルギー（原油・石炭等）,鉱石・スラグ・灰,真珠・貴金属・宝石・装飾品,羊毛・粗毛・馬毛糸・織物,塩・硫黄・土石類・セメント,肉・食用屑,肉・魚介類の調製品,果実・ナッツ,銅・同製品,一般機械・原子炉・ボイラー等,鉱物燃料・エネルギー（原油・石炭等）,自動車・同部品,一般機械・原子炉・ボイラー等,電気機器・録音機・テレビ等,鉄鋼製品,鉄鋼,プラスチック・同製品,ゴム・同製品,医薬品,各種調製食料品,中国,92.5%,スイス,4.5%,ロシア,0.8%,イタリア,0.4%,韓国,0.3%,イラン,0.2%,アメリカ,0.2%,台湾,0.2%,"Kazakhstan, Republic of",0.2%,"Egypt, Arab Republic of",0.1%,2023,UN Comtrade / IMF DOTS (2023年)
ネパール,NPL,動物性・植物性油脂,人造繊維の短繊維,コーヒー・茶・スパイス,じゅうたん・その他の紡織用床用敷物,衣類・衣類付属品（織物）,鉄鋼,食品工業廃棄物・飼料,野菜・果実等の調製品,他の植物性紡織用繊維・紙糸,ウォッディング・フェルト・不織布・紐,鉱物燃料・エネルギー（原油・石炭等）,鉄鋼,一般機械・原子炉・ボイラー等,電気機器・録音機・テレビ等,動物性・植物性油脂,プラスチック・同製品,自動車・同部品,穀物,真珠・貴金属・宝石・装飾品,医薬品,インド,81.4%,アメリカ,6.0%,イギリス,3.1%,ドイツ,1.5%,日本,0.7%,フランス,0.6%,オーストラリア,0.6%,カナダ,0.5%,香港,0.4%,イタリア,0.4%,2022,UN Comtrade / IMF DOTS (2022年)
ナウル,NRU,魚介類・甲殻類,塩・硫黄・土石類・セメント,電気機器・録音機・テレビ等,光学機器・写真用機器・医療用機器,一般機械・原子炉・ボイラー等,玩具・遊戯具・運動用具・同部品,革製品・旅行用具・ハンドバッグ,たんぱく質系物質・接着剤,家具・寝具・照明器具・プレハブ建築,各種化学工業生産品,自動車・同部品,一般機械・原子炉・ボイラー等,電気機器・録音機・テレビ等,特殊取扱品（その他）,各種調製食料品,船舶・浮体構造物,肉・魚介類の調製品,肉・食用屑,光学機器・写真用機器・医療用機器,鉄鋼製品,タイ,64.4%,Senegal,13.8%,韓国,9.8%,フィリピン,5.0%,オーストラリア,1.9%,日本,1.3%,Ecuador,0.7%,パキスタン,0.5%,ナイジェリア,0.5%,ニュージーランド,0.3%,2024,UN Comtrade / IMF DOTS (2024年)
パラオ,PLW,魚介類・甲殻類,航空機・宇宙船・同部品,一般機械・原子炉・ボイラー等,自動車・同部品,アルミニウム・同製品,鉄鋼,塩・硫黄・土石類・セメント,鉄鋼製品,なめし・染色エキス・塗料・インキ,木材・木製品・木炭,鉱物燃料・エネルギー（原油・石炭等）,一般機械・原子炉・ボイラー等,電気機器・録音機・テレビ等,自動車・同部品,飲料・アルコール・酢,肉・食用屑,プラスチック・同製品,光学機器・写真用機器・医療用機器,鉄鋼製品,家具・寝具・照明器具・プレハブ建築,イタリア,60.5%,ギリシャ,25.0%,メキシコ,2.9%,Panama,2.6%,セルビア,1.9%,アラブ首長国連邦,1.4%,台湾,1.1%,日本,1.0%,アメリカ,0.5%,コロンビア,0.4%,2018,UN Comtrade / IMF DOTS (2018年)
パプアニューギニア,PNG,鉱物燃料・エネルギー（原油・石炭等）,真珠・貴金属・宝石・装飾品,鉱石・スラグ・灰,動物性・植物性油脂,魚介類・甲殻類,ニッケル・同製品,木材・木製品・木炭,コーヒー・茶・スパイス,肉・魚介類の調製品,ココア・ココア調製品,鉱物燃料・エネルギー（原油・石炭等）,一般機械・原子炉・ボイラー等,電気機器・録音機・テレビ等,自動車・同部品,穀物,鉄鋼製品,船舶・浮体構造物,肉・食用屑,プラスチック・同製品,各種調製食料品,オーストラリア,31.4%,日本,14.5%,中国,13.4%,台湾,7.8%,"Korea, Democratic People's Republic of",4.8%,マレーシア,3.3%,イギリス,3.2%,オランダ,3.0%,フィリピン,2.4%,インド,2.2%,2023,UN Comtrade / IMF DOTS (2023年)
北朝鮮,PRK,調製羽毛・羽毛製品・造花・人髪製品,鉱石・スラグ・灰,鉄鋼,鉱物燃料・エネルギー（原油・石炭等）,時計・同部品,光学機器・写真用機器・医療用機器,特殊取扱品（その他）,電気機器・録音機・テレビ等,無機化学品・貴金属化合物,絹,プラスチック・同製品,調製羽毛・羽毛製品・造花・人髪製品,人造繊維の長繊維,動物性・植物性油脂,家具・寝具・照明器具・プレハブ建築,衣類・衣類付属品（編物）,メリヤス編物・クロセ編物,ゴム・同製品,セラミック製品,紙・板紙・製品,中国,72.1%,Burkina Faso,6.2%,セルビア,3.4%,"Curaçao, Kingdom of the Netherlands",1.8%,"Venezuela, República Bolivariana de",1.5%,ナイジェリア,1.3%,Zimbabwe,1.2%,トーゴ,1.1%,Liberia,1.0%,ザンビア,0.9%,2024,UN Comtrade / IMF DOTS (2024年)
ロシア,RUS,鉱物燃料・エネルギー（原油・石炭等）,特殊取扱品（その他）,真珠・貴金属・宝石・装飾品,鉄鋼,肥料,木材・木製品・木炭,一般機械・原子炉・ボイラー等,穀物,アルミニウム・同製品,鉱石・スラグ・灰,一般機械・原子炉・ボイラー等,電気機器・録音機・テレビ等,自動車・同部品,特殊取扱品（その他）,医薬品,プラスチック・同製品,光学機器・写真用機器・医療用機器,鉄鋼製品,鉄鋼,有機化学品,中国,24.9%,インド,14.7%,トルコ,9.0%,"Uzbekistan, Republic of",6.5%,ベラルーシ,5.2%,"Kazakhstan, Republic of",3.9%,香港,3.6%,アラブ首長国連邦,2.6%,ブラジル,2.0%,"Egypt, Arab Republic of",1.9%,2021,UN Comtrade / IMF DOTS (2021年)
ルワンダ,RWA,真珠・貴金属・宝石・装飾品,鉱石・スラグ・灰,コーヒー・茶・スパイス,鉱物燃料・エネルギー（原油・石炭等）,穀物・粉製品・製菓,動物性・植物性油脂,穀粉・でん粉・麦芽,穀物,塩・硫黄・土石類・セメント,糖類・砂糖菓子,鉱物燃料・エネルギー（原油・石炭等）,真珠・貴金属・宝石・装飾品,電気機器・録音機・テレビ等,一般機械・原子炉・ボイラー等,穀物,動物性・植物性油脂,鉄鋼,糖類・砂糖菓子,鉄鋼製品,自動車・同部品,"Congo, Democratic Republic of the",49.8%,中国,6.8%,アラブ首長国連邦,6.0%,Uganda,3.7%,スイス,3.7%,"South Sudan, Republic of",3.6%,オランダ,2.8%,パキスタン,2.6%,"Congo, Republic of",2.2%,イギリス,1.8%,2022,UN Comtrade / IMF DOTS (2022年)
スーダン,SDN,真珠・貴金属・宝石・装飾品,採油用種子・果実・藁,動物（生体）,鉱物燃料・エネルギー（原油・石炭等）,綿・綿織物,ラック・ガム・樹脂,肉・食用屑,食用の野菜・根菜,鉄道車両・軌道部品・交通信号機,穀物,穀物,鉱物燃料・エネルギー（原油・石炭等）,自動車・同部品,一般機械・原子炉・ボイラー等,糖類・砂糖菓子,電気機器・録音機・テレビ等,医薬品,プラスチック・同製品,他の紡織用繊維 of products (セット・古衣類),鉄鋼,アラブ首長国連邦,52.1%,サウジアラビア,23.4%,"Egypt, Arab Republic of",7.0%,オマーン,3.5%,パキスタン,1.7%,フランス,1.7%,Lebanon,1.7%,Jordan,1.4%,トルコ,1.1%,インド,0.8%,2018,UN Comtrade / IMF DOTS (2018年)
ソロモン諸島,SLB,木材・木製品・木炭,肉・魚介類の調製品,動物性・植物性油脂,魚介類・甲殻類,鉱石・スラグ・灰,ココア・ココア調製品,採油用種子・果実・藁,真珠・貴金属・宝石・装飾品,食品工業廃棄物・飼料,一般機械・原子炉・ボイラー等,鉱物燃料・エネルギー（原油・石炭等）,一般機械・原子炉・ボイラー等,穀物,自動車・同部品,船舶・浮体構造物,電気機器・録音機・テレビ等,鉄鋼製品,肉・食用屑,穀物・粉製品・製菓,プラスチック・同製品,中国,36.5%,オーストラリア,24.9%,イタリア,6.3%,マレーシア,5.3%,オランダ,4.9%,スペイン,3.5%,スイス,3.1%,台湾,2.1%,イギリス,1.8%,バングラデシュ,1.7%,2018,UN Comtrade / IMF DOTS (2018年)
シエラレオネ,SLE,魚介類・甲殻類,鉱石・スラグ・灰,ココア・ココア調製品,木材・木製品・木炭,自動車・同部品,一般機械・原子炉・ボイラー等,動物性・植物性油脂,火薬類・火工品・マッチ,野菜・果実等の調製品,塩・硫黄・土石類・セメント,穀物,一般機械・原子炉・ボイラー等,自動車・同部品,電気機器・録音機・テレビ等,プラスチック・同製品,鉄鋼製品,塩・硫黄・土石類・セメント,鉄鋼,医薬品,穀粉・でん粉・麦芽,中国,60.0%,オランダ,15.9%,Somalia,4.2%,韓国,3.7%,Senegal,3.1%,ナイジェリア,1.5%,イギリス,1.2%,Côte d'Ivoire,1.2%,インド,1.0%,Guinea,0.9%,2018,UN Comtrade / IMF DOTS (2018年)
サンマリノ,SMR,一般機械・原子炉・ボイラー等,医薬品,各種調製食料品,プラスチック・同製品,精油・香料・化粧品,紙・板紙・製品,各種化学工業生産品,各種の卑金属製品,銅・同製品,ゴム・同製品,自動車・同部品,航空機・宇宙船・同部品,食品工業廃棄物・飼料,プラスチック・同製品,衣類・衣類付属品（編物）,電気機器・録音機・テレビ等,鉱物燃料・エネルギー（原油・石炭等）,ココア・ココア調製品,一般機械・原子炉・ボイラー等,玩具・遊戯具・運動用具・同部品,ルーマニア,11.8%,アメリカ,10.2%,ブラジル,6.7%,フランス,6.5%,イギリス,5.7%,ポーランド,5.3%,ドイツ,4.9%,スペイン,4.4%,アラブ首長国連邦,4.3%,オーストリア,3.9%,2024,UN Comtrade / IMF DOTS (2024年)
ソマリア,SOM,動物（生体）,一般機械・原子炉・ボイラー等,採油用種子・果実・藁,ラック・ガム・樹脂,果実・ナッツ,銅・同製品,魚介類・甲殻類,動物性・植物性油脂,電気機器・録音機・テレビ等,精油・香料・化粧品,穀物・粉製品・製菓,穀粉・でん粉・麦芽,一般機械・原子炉・ボイラー等,糖類・砂糖菓子,動物性・植物性油脂,医薬品,鉄鋼,電気機器・録音機・テレビ等,各種調製食料品,自動車・同部品,アラブ首長国連邦,32.7%,サウジアラビア,26.0%,オマーン,23.1%,Djibouti,4.5%,インド,2.8%,"Bahrain, Kingdom of",1.7%,カタール,1.6%,イエメン,1.2%,"Egypt, Arab Republic of",1.1%,クウェート,1.1%,2024,UN Comtrade / IMF DOTS (2024年)
南スーダン,SSD,鉱物燃料・エネルギー（原油・石炭等）,ラック・ガム・樹脂,一般機械・原子炉・ボイラー等,特殊取扱品（その他）,電気機器・録音機・テレビ等,銅・同製品,肉・食用屑,ゴム・同製品,光学機器・写真用機器・医療用機器,航空機・宇宙船・同部品,一般機械・原子炉・ボイラー等,電気機器・録音機・テレビ等,自動車・同部品,穀粉・でん粉・麦芽,鉄鋼製品,各種調製食料品,医薬品,家具・寝具・照明器具・プレハブ建築,食用の野菜・根菜,穀物・粉製品・製菓,中国,30.0%,シンガポール,28.7%,日本,15.6%,イタリア,13.8%,Uganda,7.2%,アラブ首長国連邦,1.9%,ロシア,1.5%,Rwanda,0.4%,フランス,0.3%,アメリカ,0.2%,2024,UN Comtrade / IMF DOTS (2024年)
サントメ・プリンシペ,STP,ココア・ココア調製品,動物性・植物性油脂,コーヒー・茶・スパイス,航空機・宇宙船・同部品,一般機械・原子炉・ボイラー等,果実・ナッツ,酪農品・鳥卵・蜂蜜,自動車・同部品,各種化学工業生産品,採油用種子・果実・藁,鉱物燃料・エネルギー（原油・石炭等）,電気機器・録音機・テレビ等,穀物,飲料・アルコール・酢,一般機械・原子炉・ボイラー等,自動車・同部品,穀粉・でん粉・麦芽,動物性・植物性油脂,塩・硫黄・土石類・セメント,肉・食用屑,,,,,,,,,,,,,,,,,,,,,2023,UN Comtrade / IMF DOTS (2023年)
エスワティニ,SWZ,精油・香料・化粧品,糖類・砂糖菓子,各種化学工業生産品,衣類・衣類付属品（織物）,木材・木製品・木炭,鉱物燃料・エネルギー（原油・石炭等）,飲料・アルコール・酢,衣類・衣類付属品（編物）,野菜・果実等の調製品,穀物・粉製品・製菓,鉱物燃料・エネルギー（原油・石炭等）,一般機械・原子炉・ボイラー等,自動車・同部品,電気機器・録音機・テレビ等,穀物,プラスチック・同製品,飲料・アルコール・酢,綿・綿織物,有機化学品,精油・香料・化粧品,Kenya,23.6%,"Mozambique, Republic of",13.8%,"Tanzania, United Republic of",11.6%,Uganda,9.3%,ナイジェリア,4.4%,Zimbabwe,4.2%,Botswana,3.9%,イギリス,3.2%,アメリカ,3.1%,インド,2.8%,2023,UN Comtrade / IMF DOTS (2023年)
シリア,SYR,鉱物燃料・エネルギー（原油・石炭等）,果実・ナッツ,食用の野菜・根菜,綿・綿織物,プラスチック・同製品,石けん・有機界面活性剤・ワックス,酪農品・鳥卵・蜂蜜,衣類・衣類付属品（編物）,糖類・砂糖菓子,動物（生体）,鉱物燃料・エネルギー（原油・石炭等）,一般機械・原子炉・ボイラー等,鉄鋼,自動車・同部品,プラスチック・同製品,穀物,電気機器・録音機・テレビ等,糖類・砂糖菓子,鉄鋼製品,採油用種子・果実・藁,イラク,23.5%,サウジアラビア,20.5%,Lebanon,18.0%,"Egypt, Arab Republic of",7.6%,クウェート,4.5%,アラブ首長国連邦,4.5%,Jordan,4.5%,クロアチア,2.9%,イエメン,2.4%,トルコ,2.2%,2010,UN Comtrade / IMF DOTS (2010年)
チャド,TCD,鉱物燃料・エネルギー（原油・石炭等）,採油用種子・果実・藁,ラック・ガム・樹脂,自動車・同部品,綿・綿織物,航空機・宇宙船・同部品,衣類・衣類付属品（織物）,書籍・新聞・絵画・印刷物,電気機器・録音機・テレビ等,銅・同製品,電気機器・録音機・テレビ等,自動車・同部品,穀物・粉製品・製菓,一般機械・原子炉・ボイラー等,各種調製食料品,じゅうたん・その他の紡織用床用敷物,医薬品,穀粉・でん粉・麦芽,光学機器・写真用機器・医療用機器,プラスチック・同製品,アラブ首長国連邦,32.7%,ドイツ,19.6%,オランダ,17.0%,中国,13.1%,フランス,6.1%,マレーシア,3.4%,トルコ,2.9%,台湾,2.4%,インド,0.9%,バングラデシュ,0.8%,2024,UN Comtrade / IMF DOTS (2024年)
タジキスタン,TJK,鉱石・スラグ・灰,綿・綿織物,アルミニウム・同製品,他の卑金属・サーメット,鉱物燃料・エネルギー（原油・石炭等）,果実・ナッツ,電気機器・録音機・テレビ等,塩・硫黄・土石類・セメント,衣類・衣類付属品（織物）,無機化学品・貴金属化合物,自動車・同部品,一般機械・原子炉・ボイラー等,穀物,鉄鋼,鉱物燃料・エネルギー（原油・石炭等）,木材・木製品・木炭,電気機器・録音機・テレビ等,動物性・植物性油脂,無機化学品・貴金属化合物,糖類・砂糖菓子,中国,26.6%,"Uzbekistan, Republic of",15.3%,ロシア,13.8%,トルコ,13.2%,イラン,10.9%,"Afghanistan, Islamic Republic of",9.2%,"Kazakhstan, Republic of",3.5%,パキスタン,2.0%,アラブ首長国連邦,1.5%,ベラルーシ,0.9%,2023,UN Comtrade / IMF DOTS (2023年)
トルクメニスタン,TKM,鉱物燃料・エネルギー（原油・石炭等）,綿・綿織物,肥料,プラスチック・同製品,無機化学品・貴金属化合物,原料皮・革,銅・同製品,採油用種子・果実・藁,塩・硫黄・土石類・セメント,人造繊維の長繊維,一般機械・原子炉・ボイラー等,電気機器・録音機・テレビ等,鉄鋼製品,自動車・同部品,家具・寝具・照明器具・プレハブ建築,プラスチック・同製品,各種化学工業生産品,光学機器・写真用機器・医療用機器,アルミニウム・同製品,精油・香料・化粧品,中国,66.0%,"Uzbekistan, Republic of",15.0%,トルコ,5.8%,ギリシャ,1.8%,"Afghanistan, Islamic Republic of",1.3%,ブラジル,1.3%,ロシア,1.1%,アルゼンチン,0.8%,ブルガリア,0.8%,"Azerbaijan, Republic of",0.8%,2024,UN Comtrade / IMF DOTS (2024年)
東ティモール,TLS,鉱物燃料・エネルギー（原油・石炭等）,航空機・宇宙船・同部品,コーヒー・茶・スパイス,一般機械・原子炉・ボイラー等,船舶・浮体構造物,鉄鋼製品,光学機器・写真用機器・医療用機器,電気機器・録音機・テレビ等,採油用種子・果実・藁,果実・ナッツ,鉱物燃料・エネルギー（原油・石炭等）,自動車・同部品,穀物,一般機械・原子炉・ボイラー等,電気機器・録音機・テレビ等,鉄鋼,飲料・アルコール・酢,穀物・粉製品・製菓,肉・食用屑,塩・硫黄・土石類・セメント,インドネシア,28.8%,中国,24.3%,日本,12.7%,オーストラリア,12.4%,アメリカ,9.6%,Sri Lanka,1.4%,オランダ,1.3%,サウジアラビア,1.1%,Mauritius,0.9%,シンガポール,0.8%,2023,UN Comtrade / IMF DOTS (2023年)
トンガ,TON,書籍・新聞・絵画・印刷物,食用の野菜・根菜,航空機・宇宙船・同部品,一般機械・原子炉・ボイラー等,魚介類・甲殻類,自動車・同部品,光学機器・写真用機器・医療用機器,採油用種子・果実・藁,電気機器・録音機・テレビ等,果実・ナッツ,鉱物燃料・エネルギー（原油・石炭等）,一般機械・原子炉・ボイラー等,自動車・同部品,肉・食用屑,電気機器・録音機・テレビ等,飲料・アルコール・酢,鉄鋼製品,ガラス・同製品,穀物・粉製品・製菓,木材・木製品・木炭,ニュージーランド,54.3%,"Fiji, Republic of",14.1%,オーストラリア,9.8%,アメリカ,6.8%,日本,4.7%,台湾,4.2%,マレーシア,3.8%,韓国,1.0%,シンガポール,0.5%,インドネシア,0.4%,2023,UN Comtrade / IMF DOTS (2023年)
ツバル,TUV,魚介類・甲殻類,船舶・浮体構造物,電気機器・録音機・テレビ等,真珠・貴金属・宝石・装飾品,一般機械・原子炉・ボイラー等,各種化学工業生産品,ウォッディング・フェルト・不織布・紐,自動車・同部品,特殊取扱品（その他）,家具・寝具・照明器具・プレハブ建築,特殊取扱品（その他）,鉄鋼製品,一般機械・原子炉・ボイラー等,鉱物燃料・エネルギー（原油・石炭等）,電気機器・録音機・テレビ等,ウォッディング・フェルト・不織布・紐,糖類・砂糖菓子,自動車・同部品,家具・寝具・照明器具・プレハブ建築,塩・硫黄・土石類・セメント,ナイジェリア,36.8%,フィリピン,23.0%,韓国,13.1%,Ecuador,5.9%,香港,3.3%,スウェーデン,2.8%,フランス,1.9%,ブラジル,1.6%,ポルトガル,1.5%,チリ,1.4%,2024,UN Comtrade / IMF DOTS (2024年)
バチカン,VAT,特殊取扱品（その他）,美術品・収集品・骨とう,一般機械・原子炉・ボイラー等,真珠・貴金属・宝石・装飾品,電気機器・録音機・テレビ等,書籍・新聞・絵画・印刷物,石けん・有機界面活性剤・ワックス,衣類・衣類付属品（編物）,光学機器・写真用機器・医療用機器,ウォッディング・フェルト・不織布・紐,鉱物燃料・エネルギー（原油・石炭等）,自動車・同部品,一般機械・原子炉・ボイラー等,光学機器・写真用機器・医療用機器,医薬品,飲料・アルコール・酢,アルミニウム・同製品,家具・寝具・照明器具・プレハブ建築,電気機器・録音機・テレビ等,美術品・収集品・骨とう,イギリス,17.1%,El Salvador,14.2%,ナイジェリア,13.3%,ドイツ,7.8%,Djibouti,7.7%,Niger,4.3%,ガーナ,3.7%,ベルギー,3.1%,香港,3.0%,シンガポール,2.9%,2024,UN Comtrade / IMF DOTS (2024年)
セントビンセント・グレナディーン,VCT,穀粉・でん粉・麦芽,食品工業廃棄物・飼料,魚介類・甲殻類,飲料・アルコール・酢,一般機械・原子炉・ボイラー等,アルミニウム・同製品,食用の野菜・根菜,ガラス・同製品,鉄鋼,果実・ナッツ,鉱物燃料・エネルギー（原油・石炭等）,一般機械・原子炉・ボイラー等,電気機器・録音機・テレビ等,鉄鋼製品,自動車・同部品,肉・食用屑,家具・寝具・照明器具・プレハブ建築,穀物,プラスチック・同製品,飲料・アルコール・酢,,,,,,,,,,,,,,,,,,,,,2023,UN Comtrade / IMF DOTS (2023年)
ベネズエラ,VEN,鉱物燃料・エネルギー（原油・石炭等）,有機化学品,鉄鋼,鉱石・スラグ・灰,肥料,無機化学品・貴金属化合物,船舶・浮体構造物,アルミニウム・同製品,他の卑金属・サーメット,各種化学工業生産品,一般機械・原子炉・ボイラー等,電気機器・録音機・テレビ等,医薬品,鉄鋼製品,穀物,プラスチック・同製品,有機化学品,肉・食用屑,光学機器・写真用機器・医療用機器,動物（生体）,アメリカ,40.3%,インド,12.6%,中国,10.4%,Dominican Republic,7.2%,Cuba,5.4%,スペイン,4.5%,"Aruba, Kingdom of the Netherlands",4.4%,ブラジル,3.0%,イタリア,1.4%,オランダ,1.2%,2013,UN Comtrade / IMF DOTS (2013年)
ベトナム,VNM,電気機器・録音機・テレビ等,一般機械・原子炉・ボイラー等,履物・ゲートル同製品,衣類・衣類付属品（織物）,衣類・衣類付属品（編物）,家具・寝具・照明器具・プレハブ建築,鉄鋼,プラスチック・同製品,果実・ナッツ,魚介類・甲殻類,電気機器・録音機・テレビ等,鉱物燃料・エネルギー（原油・石炭等）,一般機械・原子炉・ボイラー等,プラスチック・同製品,鉄鋼,光学機器・写真用機器・医療用機器,特殊取扱品（その他）,自動車・同部品,穀物,メリヤス編物・クロセ編物,アメリカ,33.4%,中国,15.0%,韓国,6.0%,日本,5.8%,香港,3.8%,オランダ,2.8%,カナダ,2.6%,インド,2.2%,ドイツ,1.9%,イギリス,1.8%,2023,UN Comtrade / IMF DOTS (2023年)
バヌアツ,VUT,採油用種子・果実・藁,動物性・植物性油脂,魚介類・甲殻類,肉・食用屑,なめし・染色エキス・塗料・インキ,ココア・ココア調製品,飲料・アルコール・酢,特殊取扱品（その他）,鉄鋼,食品工業廃棄物・飼料,鉱物燃料・エネルギー（原油・石炭等）,電気機器・録音機・テレビ等,医薬品,一般機械・原子炉・ボイラー等,自動車・同部品,穀物,穀物・粉製品・製菓,鉄鋼製品,飲料・アルコール・酢,肉・魚介類の調製品,"Fiji, Republic of",37.4%,New Caledonia,23.7%,マレーシア,16.2%,フィリピン,8.3%,香港,5.9%,Papua New Guinea,3.6%,インドネシア,1.5%,Solomon Islands,1.1%,ニュージーランド,0.6%,日本,0.6%,2011,UN Comtrade / IMF DOTS (2011年)
